draw_id,draw_date,n1,n2,n3,n4,n5,n6
198,2017-10-25,12,17,23,25,34,38
199,2017-10-27,4,10,13,21,22,38
200,2017-10-29,1,5,28,31,44,45
201,2017-11-01,4,12,25,39,42,44
202,2017-11-03,7,17,20,22,29,44
203,2017-11-05,3,17,38,39,41,44
204,2017-11-08,1,18,23,24,40,41
205,2017-11-10,1,4,19,21,24,35
206,2017-11-12,22,26,37,40,42,44
207,2017-11-15,1,9,15,27,33,43
208,2017-11-17,11,13,18,19,31,45
209,2017-11-19,14,20,30,33,41,43
210,2017-11-22,5,6,9,23,27,35
211,2017-11-24,14,24,32,34,36,45
212,2017-11-26,4,12,17,19,23,34
213,2017-11-29,19,23,26,37,38,41
214,2017-12-01,10,19,30,35,39,45
215,2017-12-03,8,9,15,18,27,30
216,2017-12-06,3,7,29,31,34,43
217,2017-12-08,2,11,15,32,40,44
218,2017-12-10,27,36,39,43,44,45
219,2017-12-13,4,7,19,24,32,38
220,2017-12-15,13,14,17,24,28,43
221,2017-12-17,4,7,16,27,40,41
222,2017-12-20,3,8,25,37,40,42
223,2017-12-22,9,13,17,22,26,33
224,2017-12-24,1,5,9,14,30,31
225,2017-12-27,9,13,19,21,27,30
226,2017-12-29,2,8,17,20,29,39
227,2017-12-31,3,13,14,26,30,34
228,2018-01-03,8,14,19,30,33,35
229,2018-01-05,19,30,34,38,42,44
230,2018-01-07,4,6,11,13,24,31
231,2018-01-10,6,18,21,22,37,45
232,2018-01-12,4,8,17,23,27,34
233,2018-01-14,1,6,10,29,32,41
234,2018-01-17,9,10,12,22,27,41
235,2018-01-19,2,4,27,28,31,36
236,2018-01-21,1,10,11,24,32,37
237,2018-01-24,5,6,24,33,42,45
238,2018-01-26,1,9,18,28,36,44
239,2018-01-28,12,26,27,33,36,37
240,2018-01-31,4,7,9,10,30,40
241,2018-02-02,2,7,14,28,42,45
242,2018-02-04,1,5,13,27,40,45
243,2018-02-07,5,7,18,26,30,36
244,2018-02-09,2,10,14,19,23,37
245,2018-02-11,5,19,27,32,41,45
246,2018-02-14,12,31,32,34,35,43
247,2018-02-18,1,5,14,16,36,38
248,2018-02-21,18,23,24,26,29,33
249,2018-02-23,5,16,19,23,29,37
250,2018-02-25,8,10,12,29,30,42
251,2018-02-28,17,19,21,23,36,40
252,2018-03-02,3,7,15,27,41,45
253,2018-03-04,4,11,19,25,32,40
254,2018-03-07,8,19,25,31,37,40
255,2018-03-09,5,10,13,19,25,44
256,2018-03-11,1,14,19,26,41,42
257,2018-03-14,12,21,23,27,31,34
258,2018-03-16,6,8,13,17,20,34
259,2018-03-18,14,21,24,28,31,40
260,2018-03-21,6,19,38,40,41,44
261,2018-03-23,3,6,12,22,26,35
262,2018-03-25,4,10,13,22,38,42
263,2018-03-28,12,18,31,34,35,42
264,2018-03-30,7,11,18,28,34,43
265,2018-04-01,4,12,24,33,39,43
266,2018-04-04,2,3,6,16,41,44
267,2018-04-06,1,7,8,9,36,40
268,2018-04-08,2,5,11,16,30,34
269,2018-04-11,7,20,23,25,26,39
270,2018-04-13,11,22,24,33,38,43
271,2018-04-15,3,9,13,20,30,34
272,2018-04-18,6,16,28,29,39,44
273,2018-04-20,6,9,14,30,33,42
274,2018-04-22,6,7,22,32,36,39
275,2018-04-25,4,15,17,23,29,43
276,2018-04-27,10,20,24,27,28,29
277,2018-04-29,3,10,22,23,25,43
278,2018-05-02,10,11,22,29,37,40
279,2018-05-04,9,18,25,26,27,29
280,2018-05-06,11,26,28,34,36,37
281,2018-05-09,9,15,20,30,31,33
282,2018-05-11,10,11,26,29,33,38
283,2018-05-13,6,11,16,18,27,41
284,2018-05-16,10,21,23,25,35,38
285,2018-05-18,3,18,24,29,30,35
286,2018-05-20,18,19,25,26,29,39
287,2018-05-23,13,16,25,34,37,41
288,2018-05-25,5,14,22,26,29,39
289,2018-05-27,5,9,17,18,19,22
290,2018-05-30,2,17,19,27,31,36
291,2018-06-01,6,14,19,38,43,44
292,2018-06-03,18,20,24,40,42,45
293,2018-06-06,6,20,22,26,43,44
294,2018-06-08,4,13,32,35,40,42
295,2018-06-10,22,25,35,36,38,39
296,2018-06-13,2,4,17,24,31,40
297,2018-06-15,8,11,13,23,24,28
298,2018-06-17,3,5,6,7,34,40
299,2018-06-20,2,18,22,30,32,43
300,2018-06-22,15,19,20,26,34,39
301,2018-06-24,6,8,23,32,33,41
302,2018-06-27,25,27,29,33,37,38
303,2018-06-29,6,18,22,24,36,39
304,2018-07-01,4,7,15,28,34,37
305,2018-07-04,2,3,27,28,34,43
306,2018-07-06,22,26,33,34,38,42
307,2018-07-08,2,7,8,10,28,44
308,2018-07-11,12,26,28,29,39,43
309,2018-07-13,3,8,9,25,27,28
310,2018-07-15,7,15,20,29,31,38
311,2018-07-18,8,10,14,19,26,34
312,2018-07-20,13,14,16,19,20,23
313,2018-07-22,8,9,24,27,40,45
314,2018-07-25,9,16,18,38,41,45
315,2018-07-27,2,21,32,37,38,42
316,2018-07-29,26,31,32,37,43,45
317,2018-08-01,5,6,29,30,37,38
318,2018-08-03,3,8,10,24,27,28
319,2018-08-05,7,10,18,31,39,43
320,2018-08-08,19,34,37,39,41,44
321,2018-08-10,18,22,24,29,41,45
322,2018-08-12,5,16,17,28,31,38
323,2018-08-15,12,24,25,33,40,44
324,2018-08-17,3,8,22,28,33,42
325,2018-08-19,16,18,28,36,37,45
326,2018-08-22,15,17,18,33,34,44
327,2018-08-24,3,22,25,29,33,40
328,2018-08-26,1,3,11,12,22,36
329,2018-08-29,16,17,24,28,30,36
330,2018-08-31,11,19,30,36,38,40
331,2018-09-02,10,12,13,22,26,40
332,2018-09-05,5,6,22,27,34,37
333,2018-09-07,8,10,11,28,42,45
334,2018-09-09,8,14,18,21,44,45
335,2018-09-12,11,12,13,16,29,31
336,2018-09-14,12,16,17,18,26,34
337,2018-09-16,3,13,17,18,23,34
338,2018-09-19,10,20,22,24,27,42
339,2018-09-21,1,3,11,14,23,29
340,2018-09-23,18,27,32,35,41,44
341,2018-09-26,12,19,27,39,42,45
342,2018-09-28,2,6,11,13,15,38
343,2018-09-30,1,20,24,36,43,45
344,2018-10-03,6,12,19,21,25,45
345,2018-10-05,4,12,17,29,35,44
346,2018-10-07,14,18,31,34,39,44
347,2018-10-10,18,19,22,28,41,42
348,2018-10-12,11,12,20,26,28,42
349,2018-10-14,7,8,9,34,40,43
350,2018-10-17,1,12,14,36,39,43
351,2018-10-19,2,14,30,38,39,45
352,2018-10-21,6,22,24,28,30,37
353,2018-10-24,6,26,34,35,39,42
354,2018-10-26,2,18,31,33,36,41
355,2018-10-28,9,18,19,20,31,45
356,2018-10-31,17,22,26,30,33,35
357,2018-11-02,4,6,11,18,24,25
358,2018-11-04,7,12,13,17,25,30
359,2018-11-07,6,18,22,25,31,37
360,2018-11-09,6,18,28,32,34,35
361,2018-11-11,20,23,26,27,32,34
362,2018-11-14,12,14,24,26,30,40
363,2018-11-16,4,12,18,21,25,41
364,2018-11-18,6,27,28,30,37,44
365,2018-11-21,7,9,16,19,24,33
366,2018-11-23,8,10,12,21,25,40
367,2018-11-25,3,5,11,18,24,29
368,2018-11-28,8,13,20,21,25,28
369,2018-11-30,11,18,23,25,28,35
370,2018-12-02,2,4,12,23,37,45
371,2018-12-05,7,28,29,39,42,45
372,2018-12-07,1,6,7,22,31,39
373,2018-12-09,6,8,26,34,40,41
374,2018-12-12,1,3,11,15,27,30
375,2018-12-14,7,16,20,26,30,34
376,2018-12-16,1,14,22,26,35,42
377,2018-12-19,2,10,11,32,40,44
378,2018-12-21,1,7,16,27,29,34
379,2018-12-23,1,3,10,11,16,44
380,2018-12-26,21,28,34,35,41,44
381,2018-12-28,3,22,24,25,31,37
382,2018-12-30,10,19,31,35,42,44
383,2019-01-02,4,14,32,35,36,40
384,2019-01-04,1,8,14,16,19,22
385,2019-01-06,9,22,33,34,35,44
386,2019-01-09,17,27,28,30,33,41
387,2019-01-11,19,21,22,23,25,44
388,2019-01-13,1,20,21,23,26,33
389,2019-01-16,1,8,14,24,31,40
390,2019-01-18,12,15,19,38,40,45
391,2019-01-20,8,16,21,31,35,38
392,2019-01-23,2,9,13,29,33,40
393,2019-01-25,11,13,14,22,30,38
394,2019-01-27,9,11,12,22,27,29
395,2019-01-30,1,4,6,13,37,41
396,2019-02-01,3,4,6,38,39,43
397,2019-02-03,1,2,5,9,23,24
398,2019-02-06,22,24,25,30,33,38
399,2019-02-08,11,12,33,36,39,43
400,2019-02-10,1,11,17,25,29,35
401,2019-02-13,5,11,18,33,37,41
402,2019-02-15,3,22,26,27,30,44
403,2019-02-17,11,12,14,25,29,31
404,2019-02-20,1,10,15,24,37,45
405,2019-02-22,7,10,18,25,44,45
406,2019-02-24,1,7,13,23,32,42
407,2019-02-27,5,12,15,16,25,35
408,2019-03-01,15,23,29,31,38,43
409,2019-03-03,1,13,17,20,30,45
410,2019-03-06,2,7,14,24,40,41
411,2019-03-08,4,14,20,27,32,43
412,2019-03-10,5,24,31,32,42,45
413,2019-03-13,5,16,24,26,34,44
414,2019-03-15,5,10,15,19,38,42
415,2019-03-17,5,6,16,18,24,42
416,2019-03-20,2,7,17,24,29,37
417,2019-03-22,1,3,6,13,18,41
418,2019-03-24,5,17,21,27,34,40
419,2019-03-27,9,12,22,24,30,42
420,2019-03-29,2,19,26,27,30,37
421,2019-03-31,3,5,19,28,31,38
422,2019-04-03,4,11,18,33,34,45
423,2019-04-05,2,7,25,36,38,43
424,2019-04-07,8,10,26,28,32,34
425,2019-04-10,7,11,14,30,35,42
426,2019-04-12,3,12,15,16,17,44
427,2019-04-14,4,13,20,34,35,37
428,2019-04-17,7,11,21,25,30,44
429,2019-04-19,1,4,5,12,17,21
430,2019-04-21,8,11,13,20,41,43
431,2019-04-24,4,7,12,13,20,45
432,2019-04-26,1,2,14,15,16,30
433,2019-04-28,4,24,28,30,33,43
434,2019-05-01,18,23,24,27,33,41
435,2019-05-03,1,6,14,31,35,44
436,2019-05-05,13,27,30,38,39,41
437,2019-05-08,1,7,8,31,34,45
438,2019-05-10,5,23,25,30,35,38
439,2019-05-12,1,8,13,17,21,43
440,2019-05-15,17,28,29,33,34,35
441,2019-05-17,6,16,18,29,39,43
442,2019-05-19,2,11,19,27,30,42
443,2019-05-22,1,13,16,22,23,35
444,2019-05-24,2,3,31,33,35,40
445,2019-05-26,11,12,14,23,29,32
446,2019-05-29,12,18,19,27,35,42
447,2019-05-31,5,6,7,12,23,30
448,2019-06-02,2,5,12,35,41,43
449,2019-06-05,4,8,22,25,37,39
450,2019-06-07,11,13,15,26,27,41
451,2019-06-09,2,6,22,25,35,36
452,2019-06-12,10,11,21,23,26,37
453,2019-06-14,2,12,16,36,37,45
454,2019-06-16,6,7,19,29,31,36
455,2019-06-19,2,4,11,15,35,40
456,2019-06-21,1,4,19,21,23,39
457,2019-06-23,3,8,11,27,32,36
458,2019-06-26,1,5,9,10,33,41
459,2019-06-28,11,25,37,40,41,45
460,2019-06-30,5,20,22,25,28,32
461,2019-07-03,2,7,25,29,39,45
462,2019-07-05,19,21,30,31,37,43
463,2019-07-07,2,18,21,23,30,31
464,2019-07-10,1,2,6,7,16,27
465,2019-07-12,16,18,24,26,40,44
466,2019-07-14,2,3,7,25,33,34
467,2019-07-17,10,11,16,22,28,35
468,2019-07-19,9,12,23,26,28,43
469,2019-07-21,7,8,10,24,33,44
470,2019-07-24,20,22,25,39,44,45
471,2019-07-26,5,14,16,22,25,33
472,2019-07-28,5,14,16,24,42,43
473,2019-07-31,6,12,15,19,25,45
474,2019-08-02,11,18,20,22,25,26
475,2019-08-04,6,10,21,30,43,45
476,2019-08-07,1,5,13,31,32,43
477,2019-08-09,11,19,26,28,30,42
478,2019-08-11,1,4,7,9,25,31
479,2019-08-14,13,20,22,24,33,34
480,2019-08-16,6,14,15,19,31,39
481,2019-08-18,2,7,18,21,24,33
482,2019-08-21,6,8,17,20,21,31
483,2019-08-23,6,7,12,17,19,24
484,2019-08-25,7,8,15,20,24,31
485,2019-08-28,1,4,12,14,19,30
486,2019-08-30,5,6,22,23,25,44
487,2019-09-01,5,7,14,16,29,40
488,2019-09-04,1,9,11,23,30,37
489,2019-09-06,2,4,13,15,26,31
490,2019-09-08,6,9,11,26,28,36
491,2019-09-11,21,25,29,32,34,35
492,2019-09-13,2,15,17,25,30,38
493,2019-09-15,8,9,28,33,35,43
494,2019-09-18,3,9,13,17,19,20
495,2019-09-20,7,12,24,29,31,45
496,2019-09-22,3,6,21,36,38,39
497,2019-09-25,9,14,22,26,44,45
498,2019-09-27,6,9,11,28,37,44
499,2019-09-29,2,9,12,18,21,23
500,2019-10-02,2,6,7,25,28,41
501,2019-10-04,2,9,24,25,30,36
502,2019-10-06,1,6,17,30,44,45
503,2019-10-09,3,12,21,24,28,32
504,2019-10-11,6,12,14,27,28,36
505,2019-10-13,6,22,28,31,37,40
506,2019-10-16,1,4,23,28,41,42
507,2019-10-18,4,14,15,22,28,39
508,2019-10-20,1,3,8,15,38,40
509,2019-10-23,2,9,21,23,32,41
510,2019-10-25,4,7,9,22,32,37
511,2019-10-27,1,19,29,30,40,42
512,2019-10-30,2,5,8,12,29,38
513,2019-11-01,6,11,20,30,37,40
514,2019-11-03,28,30,32,38,44,45
515,2019-11-06,3,15,22,23,38,43
516,2019-11-08,4,16,19,30,32,44
517,2019-11-10,4,14,21,28,32,36
518,2019-11-13,17,19,24,30,31,40
519,2019-11-15,2,13,27,33,40,41
520,2019-11-17,6,7,14,31,39,44
521,2019-11-20,10,21,22,24,43,44
522,2019-11-22,1,9,10,19,30,38
523,2019-11-24,5,21,24,28,29,34
524,2019-11-27,3,5,13,19,20,33
525,2019-11-29,14,15,16,17,19,34
526,2019-12-01,3,14,16,27,31,35
527,2019-12-04,16,19,24,30,32,35
528,2019-12-06,2,20,26,35,43,45
529,2019-12-08,12,20,30,31,34,44
530,2019-12-11,1,2,8,27,29,39
531,2019-12-13,2,8,9,25,26,40
532,2019-12-15,3,13,15,16,22,36
533,2019-12-18,8,9,12,19,22,25
534,2019-12-20,1,9,16,27,38,45
535,2019-12-22,9,10,11,18,22,36
536,2019-12-25,10,18,25,26,36,43
537,2019-12-27,2,7,10,12,33,43
538,2019-12-29,7,12,21,24,35,43
539,2020-01-01,8,10,23,26,37,38
540,2020-01-03,1,15,17,26,32,44
541,2020-01-05,5,11,12,26,44,45
542,2020-01-08,2,4,10,21,25,43
543,2020-01-10,10,18,24,35,41,43
544,2020-01-12,7,12,17,21,35,45
545,2020-01-15,2,8,19,31,38,44
546,2020-01-17,8,26,28,37,40,42
547,2020-01-19,1,4,19,25,35,39
548,2020-01-22,1,15,16,34,36,42
549,2020-01-26,4,5,9,25,33,37
550,2020-01-29,3,10,16,24,39,44
551,2020-01-31,8,9,20,25,30,40
552,2020-02-02,1,4,16,32,35,38
553,2020-02-05,9,19,24,37,38,45
554,2020-02-07,6,11,15,33,40,44
555,2020-02-09,1,4,18,22,26,35
556,2020-02-12,5,13,16,20,24,35
557,2020-02-14,4,14,24,32,36,43
558,2020-02-16,1,4,14,36,37,41
559,2020-02-19,1,16,23,25,30,38
560,2020-02-21,13,15,22,28,29,41
561,2020-02-23,1,6,16,23,34,42
562,2020-02-26,2,10,12,20,24,39
563,2020-02-28,2,19,23,27,29,38
564,2020-03-01,1,6,7,13,26,39
565,2020-03-04,1,7,17,24,35,41
566,2020-03-06,6,9,10,16,26,42
567,2020-03-08,3,13,17,19,21,43
568,2020-03-11,12,16,29,35,37,44
569,2020-03-13,8,13,20,28,35,45
570,2020-03-15,4,7,11,17,19,31
571,2020-03-18,6,21,30,37,38,45
572,2020-03-20,8,23,29,37,39,44
573,2020-03-22,2,10,19,22,24,29
574,2020-03-25,26,31,33,37,38,45
575,2020-03-27,1,6,10,35,36,45
576,2020-03-29,7,10,23,36,39,44
577,2020-04-24,10,31,37,39,40,43
578,2020-04-26,5,25,30,36,37,41
579,2020-04-29,1,8,11,13,15,32
580,2020-05-01,6,7,16,37,40,44
581,2020-05-03,5,18,29,32,38,44
582,2020-05-06,3,18,25,29,30,44
583,2020-05-08,1,3,7,12,22,25
584,2020-05-10,7,9,23,32,33,37
585,2020-05-13,6,20,21,35,40,45
586,2020-05-15,3,12,13,28,33,36
587,2020-05-17,2,4,21,30,33,37
588,2020-05-20,1,8,15,23,25,39
589,2020-05-22,3,8,19,28,35,41
590,2020-05-24,1,29,30,32,34,35
591,2020-05-27,6,15,29,30,37,42
592,2020-05-29,4,10,23,26,35,37
593,2020-05-31,1,6,13,27,35,40
594,2020-06-03,1,15,17,19,40,43
595,2020-06-05,10,13,22,28,38,43
596,2020-06-07,6,7,11,16,23,44
597,2020-06-10,2,11,23,25,26,35
598,2020-06-12,5,16,22,27,30,31
599,2020-06-14,19,22,24,41,44,45
600,2020-06-17,7,16,28,33,34,45
601,2020-06-19,4,12,17,19,32,45
602,2020-06-21,7,9,13,33,40,44
603,2020-06-24,7,17,18,32,39,40
604,2020-06-26,9,23,27,30,38,41
605,2020-06-28,4,15,24,36,37,41
606,2020-07-01,10,13,14,26,32,33
607,2020-07-03,4,5,17,18,22,36
608,2020-07-05,5,8,10,17,22,31
609,2020-07-08,14,15,17,21,31,38
610,2020-07-10,18,20,22,33,35,39
611,2020-07-12,2,15,21,27,31,35
612,2020-07-15,10,11,18,19,20,45
613,2020-07-17,4,10,18,20,32,45
614,2020-07-19,1,13,14,19,42,45
615,2020-07-22,9,13,18,24,26,42
616,2020-07-24,4,25,31,35,39,41
617,2020-07-26,5,15,21,39,43,45
618,2020-07-29,6,14,26,41,42,43
619,2020-07-31,4,9,19,29,36,41
620,2020-08-02,6,9,12,17,41,42
621,2020-08-05,14,18,19,32,33,38
622,2020-08-07,17,26,35,40,43,44
623,2020-08-09,11,13,14,43,44,45
624,2020-08-12,7,21,34,38,43,44
625,2020-08-14,9,18,21,24,34,41
626,2020-08-16,2,5,6,20,33,39
627,2020-08-19,7,20,36,37,43,45
628,2020-08-21,7,8,26,30,37,43
629,2020-08-23,10,14,19,25,36,39
630,2020-08-26,2,18,24,28,35,42
631,2020-08-28,10,11,14,23,27,37
632,2020-08-30,6,8,18,19,29,33
633,2020-09-02,8,10,14,16,18,24
634,2020-09-04,7,16,20,30,40,41
635,2020-09-06,1,6,19,29,31,44
636,2020-09-09,19,21,34,35,36,39
637,2020-09-11,4,11,13,16,17,33
638,2020-09-13,20,23,28,37,40,44
639,2020-09-16,5,20,29,30,38,40
640,2020-09-18,10,19,21,23,27,33
641,2020-09-20,5,7,9,13,15,16
642,2020-09-23,2,8,17,23,30,41
643,2020-09-25,14,20,22,35,44,45
644,2020-09-27,1,12,26,31,37,38
645,2020-09-30,2,5,31,32,42,44
646,2020-10-02,9,11,21,31,32,37
647,2020-10-04,9,16,19,25,26,39
648,2020-10-07,13,15,25,26,28,34
649,2020-10-09,15,19,23,30,33,39
650,2020-10-11,12,18,28,31,40,45
651,2020-10-14,4,7,23,32,43,44
652,2020-10-16,4,14,16,23,24,27
653,2020-10-18,1,14,25,26,30,40
654,2020-10-21,4,11,26,36,38,41
655,2020-10-23,5,10,16,23,34,45
656,2020-10-25,11,19,30,38,41,45
657,2020-10-28,1,4,7,15,35,45
658,2020-10-30,4,5,14,18,23,43
659,2020-11-01,6,21,27,30,32,44
660,2020-11-04,3,8,11,13,26,38
661,2020-11-06,19,24,30,32,36,37
662,2020-11-08,3,12,14,16,23,33
663,2020-11-11,4,10,12,17,20,35
664,2020-11-13,8,22,23,33,34,36
665,2020-11-15,14,16,21,29,40,41
666,2020-11-18,18,19,21,31,39,44
667,2020-11-20,2,17,24,29,31,37
668,2020-11-22,9,16,17,24,32,40
669,2020-11-25,1,5,7,8,25,40
670,2020-11-27,1,9,12,13,37,43
671,2020-11-29,6,7,14,18,37,43
672,2020-12-02,4,5,7,10,25,39
673,2020-12-04,3,5,33,37,41,43
674,2020-12-06,11,21,24,27,29,37
675,2020-12-09,16,24,27,31,36,43
676,2020-12-11,23,24,25,35,37,39
677,2020-12-13,10,12,20,36,41,44
678,2020-12-16,10,11,22,27,36,41
679,2020-12-18,4,9,14,23,32,38
680,2020-12-20,15,18,28,30,34,44
681,2020-12-23,7,11,17,31,35,40
682,2020-12-25,6,12,15,22,33,39
683,2020-12-27,3,11,17,19,34,39
684,2020-12-30,1,13,20,26,35,37
685,2021-01-01,10,16,24,26,30,32
686,2021-01-03,4,31,34,36,40,43
687,2021-01-06,22,27,30,35,40,45
688,2021-01-08,8,19,22,25,32,35
689,2021-01-10,10,11,22,32,38,43
690,2021-01-13,19,20,21,28,33,41
691,2021-01-15,4,6,10,13,26,43
692,2021-01-17,4,5,32,39,40,42
693,2021-01-20,7,20,29,30,40,45
694,2021-01-22,1,6,7,20,28,43
695,2021-01-24,8,9,23,25,31,32
696,2021-01-27,1,7,11,28,41,44
697,2021-01-29,6,7,8,29,35,39
698,2021-01-31,4,6,7,11,34,41
699,2021-02-03,7,9,14,23,35,41
700,2021-02-05,2,8,31,32,42,44
701,2021-02-07,1,4,7,15,41,42
702,2021-02-10,8,13,18,19,21,24
703,2021-02-14,3,13,18,21,39,44
704,2021-02-17,3,18,21,22,36,44
705,2021-02-19,12,19,22,23,34,44
706,2021-02-21,6,7,22,24,27,37
707,2021-02-24,2,13,19,33,40,43
708,2021-02-26,11,13,19,27,37,41
709,2021-02-28,4,5,25,28,29,42
710,2021-03-03,1,20,28,37,40,44
711,2021-03-05,9,11,13,21,27,41
712,2021-03-07,4,12,25,28,33,45
713,2021-03-10,5,14,15,19,25,33
714,2021-03-12,5,11,17,34,38,42
715,2021-03-14,1,9,11,32,34,42
716,2021-03-17,6,11,26,28,36,41
717,2021-03-19,5,6,24,34,36,37
718,2021-03-21,8,9,11,31,36,39
719,2021-03-24,7,14,23,26,37,39
720,2021-03-26,2,11,15,18,23,42
721,2021-03-28,23,26,40,41,43,44
722,2021-03-31,2,4,6,36,41,42
723,2021-04-02,1,5,9,16,42,44
724,2021-04-04,5,20,27,30,38,43
725,2021-04-07,13,15,19,25,33,34
726,2021-04-09,3,4,8,17,19,37
727,2021-04-11,3,23,27,32,34,39
728,2021-04-14,11,12,16,18,33,35
729,2021-04-16,8,9,11,28,30,39
730,2021-04-18,7,9,15,23,26,27
731,2021-04-21,3,12,19,27,32,35
732,2021-04-23,13,16,18,22,34,39
733,2021-04-25,8,19,21,28,32,44
734,2021-04-28,21,39,40,41,43,45
735,2021-04-30,3,4,20,21,36,41
736,2021-05-02,7,8,30,35,40,44
737,2021-05-05,3,14,20,22,37,44
738,2021-05-07,10,20,21,27,33,34
739,2021-05-09,1,7,16,24,27,37
740,2021-05-12,9,15,22,27,34,42
741,2021-05-14,3,11,16,20,24,30
742,2021-05-16,13,23,33,37,40,43
743,2021-05-19,3,12,23,29,33,34
744,2021-05-21,4,28,37,38,40,42
745,2021-05-23,11,14,22,26,29,44
746,2021-05-26,1,10,22,36,38,45
747,2021-05-28,2,15,33,41,44,45
748,2021-05-30,7,10,19,30,40,45
749,2021-06-02,10,20,22,26,31,42
750,2021-06-04,19,24,31,32,35,36
751,2021-06-06,5,7,10,13,14,42
752,2021-06-09,2,7,18,20,24,36
753,2021-06-11,8,12,13,14,32,40
754,2021-06-13,3,10,12,13,36,44
755,2021-06-16,11,19,24,28,31,39
756,2021-06-18,10,11,28,29,40,42
757,2021-06-20,10,24,27,42,43,45
758,2021-06-23,4,7,20,28,33,41
759,2021-06-25,3,5,6,23,24,39
760,2021-06-27,5,10,29,37,42,44
761,2021-06-30,2,5,6,8,10,32
762,2021-07-02,1,14,15,18,32,45
763,2021-07-04,3,14,15,21,26,37
764,2021-07-07,1,6,13,30,34,43
765,2021-07-09,4,9,17,18,28,32
766,2021-07-11,2,8,15,17,19,30
767,2021-07-14,4,11,22,29,37,43
768,2021-07-16,1,9,18,26,41,45
769,2021-07-18,3,8,19,21,25,36
770,2021-07-21,8,10,12,29,34,37
771,2021-07-23,19,26,31,33,41,42
772,2021-08-18,10,16,19,27,28,36
773,2021-08-20,4,8,17,27,32,36
774,2021-08-22,6,7,18,25,40,43
775,2021-08-25,1,3,5,17,22,33
776,2021-08-27,4,10,11,15,24,37
777,2021-08-29,1,18,21,25,27,35
778,2021-09-01,6,13,33,34,40,45
779,2021-09-03,6,11,18,23,32,44
780,2021-09-05,15,18,25,27,29,34
781,2021-09-08,4,18,28,32,36,40
782,2021-09-10,10,16,22,36,43,44
783,2021-09-12,4,8,21,29,33,45
784,2021-09-15,11,14,17,24,29,35
785,2021-09-17,6,10,15,37,39,44
786,2021-09-19,6,24,28,31,36,43
787,2021-09-22,5,10,19,22,36,45
788,2021-09-24,1,4,7,14,16,41
789,2021-09-26,13,27,34,35,36,41
790,2021-09-29,6,15,16,27,36,42
791,2021-10-01,11,15,17,27,28,45
792,2021-10-03,6,12,28,30,39,42
793,2021-10-06,9,11,15,20,32,36
794,2021-10-08,4,13,18,23,33,43
795,2021-10-10,3,25,26,29,40,42
796,2021-10-13,20,34,37,39,41,42
797,2021-10-15,5,13,17,20,29,45
798,2021-10-17,4,12,21,22,27,40
799,2021-10-20,5,9,33,40,41,45
800,2021-10-22,3,5,6,9,28,43
801,2021-10-24,6,29,31,32,39,44
802,2021-10-27,13,17,26,29,33,39
803,2021-10-29,17,19,22,31,32,34
804,2021-10-31,9,14,17,18,36,41
805,2021-11-03,3,13,15,23,24,44
806,2021-11-05,10,16,36,40,41,42
807,2021-11-07,5,20,24,25,35,36
808,2021-11-10,17,18,19,20,27,44
809,2021-11-12,11,14,18,24,35,37
810,2021-11-14,3,5,18,28,42,43
811,2021-11-17,4,15,25,26,32,35
812,2021-11-19,9,10,26,28,39,43
813,2021-11-21,1,12,29,40,44,45
814,2021-11-24,2,10,18,23,34,36
815,2021-11-26,4,18,25,29,32,34
816,2021-11-28,13,17,26,27,31,37
817,2021-12-01,8,9,30,31,38,45
818,2021-12-03,10,14,29,37,38,40
819,2021-12-05,3,5,6,31,34,35
820,2021-12-08,2,3,16,19,22,34
821,2021-12-10,1,4,17,19,24,42
822,2021-12-12,16,21,29,40,41,43
823,2021-12-15,3,18,29,30,39,41
824,2021-12-17,8,15,16,21,25,33
825,2021-12-19,12,15,24,30,36,45
826,2021-12-22,8,16,17,23,28,38
827,2021-12-24,3,17,25,26,36,38
828,2021-12-26,4,11,16,24,35,44
829,2021-12-29,5,27,33,34,38,40
830,2021-12-31,2,5,12,33,41,45
831,2022-01-02,11,17,30,36,41,45
832,2022-01-05,1,3,8,9,35,40
833,2022-01-07,10,13,24,28,38,44
834,2022-01-09,6,7,11,22,35,41
835,2022-01-12,3,6,13,15,36,44
836,2022-01-14,5,14,27,30,38,45
837,2022-01-16,1,3,4,5,32,33
838,2022-01-19,14,21,25,34,37,39
839,2022-01-21,1,13,17,24,27,42
840,2022-01-23,13,20,24,32,34,40
841,2022-01-26,5,11,15,18,27,43
842,2022-01-28,4,6,12,26,27,39
843,2022-01-30,1,7,22,26,28,41
844,2022-02-02,5,6,14,20,31,38
845,2022-02-04,11,16,18,38,40,43
846,2022-02-06,5,9,21,24,34,39
847,2022-02-09,3,20,27,37,44,45
848,2022-02-11,10,11,19,38,41,44
849,2022-02-13,14,21,22,24,28,45
850,2022-02-16,2,5,8,16,22,42
851,2022-02-18,3,14,20,26,28,36
852,2022-02-20,4,6,16,30,43,44
853,2022-02-23,2,16,18,19,24,29
854,2022-02-25,10,13,30,33,39,41
855,2022-02-27,10,20,25,27,38,45
856,2022-03-02,7,10,13,20,21,34
857,2022-03-04,3,19,21,24,27,38
858,2022-03-06,11,16,21,33,34,42
859,2022-03-09,3,15,35,39,40,43
860,2022-03-11,6,20,23,29,34,45
861,2022-03-13,1,5,19,20,23,38
862,2022-03-16,10,11,14,24,31,45
863,2022-03-18,6,10,15,29,41,42
864,2022-03-20,1,9,10,12,22,44
865,2022-03-23,2,9,37,38,40,43
866,2022-03-25,1,12,13,27,29,35
867,2022-03-27,8,17,21,39,44,45
868,2022-03-30,1,12,26,28,39,45
869,2022-04-01,2,19,25,32,41,44
870,2022-04-03,5,11,20,26,40,43
871,2022-04-06,13,17,19,25,32,45
872,2022-04-08,2,13,16,19,20,36
873,2022-04-10,4,17,28,30,38,42
874,2022-04-13,1,7,20,25,40,41
875,2022-04-15,9,18,21,25,35,44
876,2022-04-17,5,13,15,28,38,40
877,2022-04-20,1,8,17,21,27,37
878,2022-04-22,11,13,15,18,24,36
879,2022-04-24,9,12,23,30,32,40
880,2022-04-27,3,9,14,17,27,32
881,2022-04-29,5,12,16,25,26,32
882,2022-05-01,8,21,26,35,37,42
883,2022-05-04,1,4,23,28,33,38
884,2022-05-06,1,3,15,16,34,43
885,2022-05-08,4,12,20,25,35,37
886,2022-05-11,2,6,7,18,34,41
887,2022-05-13,7,8,18,29,41,44
888,2022-05-15,5,20,21,31,34,37
889,2022-05-18,3,17,23,37,40,42
890,2022-05-20,12,17,34,39,44,45
891,2022-05-22,1,7,10,24,33,40
892,2022-05-25,19,26,27,39,44,45
893,2022-05-27,16,21,23,27,35,41
894,2022-05-29,2,6,19,24,30,42
895,2022-06-01,6,10,21,23,28,39
896,2022-06-03,5,8,34,38,39,41
897,2022-06-05,6,8,21,28,30,35
898,2022-06-08,2,10,13,15,22,36
899,2022-06-10,10,23,25,26,30,41
900,2022-06-12,6,14,19,22,40,42
901,2022-06-15,1,6,12,20,36,39
902,2022-06-17,5,8,26,29,35,44
903,2022-06-19,1,24,25,31,39,40
904,2022-06-22,3,20,23,30,33,35
905,2022-06-24,7,16,18,32,34,44
906,2022-06-26,3,7,8,18,27,36
907,2022-06-29,1,19,20,27,30,32
908,2022-07-01,17,26,30,31,33,39
909,2022-07-03,8,14,17,20,21,40
910,2022-07-06,4,12,14,15,41,42
911,2022-07-08,6,7,12,18,21,43
912,2022-07-10,12,23,29,36,37,41
913,2022-07-13,4,9,21,28,35,37
914,2022-07-15,4,30,35,39,42,43
915,2022-07-17,7,13,20,23,27,29
916,2022-07-20,5,6,20,22,26,39
917,2022-07-22,4,10,18,22,31,37
918,2022-07-24,4,11,17,29,30,44
919,2022-07-27,9,15,18,22,32,41
920,2022-07-29,5,7,11,20,31,37
921,2022-07-31,3,8,15,16,40,42
922,2022-08-03,5,14,30,36,38,42
923,2022-08-05,10,13,14,32,37,42
924,2022-08-07,6,9,10,13,24,27
925,2022-08-10,4,8,10,15,26,31
926,2022-08-12,5,7,16,20,36,41
927,2022-08-14,9,13,21,24,34,35
928,2022-08-17,23,29,35,37,39,45
929,2022-08-19,25,26,33,39,41,43
930,2022-08-21,5,19,21,23,28,36
931,2022-08-24,12,20,21,23,27,34
932,2022-08-26,3,30,31,32,36,45
933,2022-08-28,8,16,31,37,39,41
934,2022-08-31,4,10,28,29,31,34
935,2022-09-02,2,3,14,21,31,33
936,2022-09-04,5,17,19,27,35,39
937,2022-09-07,8,9,10,20,35,38
938,2022-09-09,4,6,13,14,28,39
939,2022-09-11,4,15,20,31,43,44
940,2022-09-14,3,12,15,20,24,45
941,2022-09-16,2,26,35,41,42,43
942,2022-09-18,3,5,10,17,25,29
943,2022-09-21,5,10,14,25,42,45
944,2022-09-23,1,12,21,28,30,44
945,2022-09-25,3,5,8,31,33,34
946,2022-09-28,4,5,7,24,27,30
947,2022-09-30,4,11,19,20,35,41
948,2022-10-02,3,17,28,30,31,32
949,2022-10-05,9,18,23,24,29,34
950,2022-10-07,18,20,29,34,36,38
951,2022-10-09,13,15,20,25,35,43
952,2022-10-12,1,7,13,16,27,35
953,2022-10-14,1,6,22,25,30,34
954,2022-10-16,2,5,19,26,38,40
955,2022-10-19,1,3,7,10,21,29
956,2022-10-21,10,16,17,18,34,42
957,2022-10-23,2,11,18,33,36,45
958,2022-10-26,2,3,10,15,31,36
959,2022-10-28,16,21,22,33,42,45
960,2022-10-30,15,27,31,36,38,41
961,2022-11-02,2,17,23,27,37,42
962,2022-11-04,9,13,16,24,33,45
963,2022-11-06,8,10,12,14,17,31
964,2022-11-09,7,9,16,20,30,32
965,2022-11-11,2,3,9,15,17,43
966,2022-11-13,3,4,27,32,40,43
967,2022-11-16,2,3,12,32,35,44
968,2022-11-18,15,16,22,25,29,33
969,2022-11-20,1,4,14,22,24,40
970,2022-11-23,4,13,15,20,37,38
971,2022-11-25,14,20,24,30,35,41
972,2022-11-27,1,26,27,35,36,43
973,2022-11-30,7,15,20,25,32,37
974,2022-12-02,2,18,21,24,38,44
975,2022-12-04,4,5,7,9,27,39
976,2022-12-07,8,11,19,24,26,42
977,2022-12-09,4,23,25,30,40,41
978,2022-12-11,9,11,16,17,22,33
979,2022-12-14,13,29,35,37,38,41
980,2022-12-16,6,19,22,26,38,39
981,2022-12-18,2,12,13,33,36,42
982,2022-12-21,8,12,20,26,35,37
983,2022-12-23,2,14,21,22,35,43
984,2022-12-25,15,17,21,28,37,43
985,2022-12-28,4,5,10,21,33,37
986,2022-12-30,3,24,31,35,39,42
987,2023-01-01,16,20,26,30,32,40
988,2023-01-04,3,5,7,37,39,42
989,2023-01-06,2,7,16,25,35,38
990,2023-01-08,11,29,32,39,40,43
991,2023-01-11,1,18,22,33,34,43
992,2023-01-13,3,11,14,20,26,42
993,2023-01-15,8,9,15,21,26,45
994,2023-01-20,3,7,13,29,32,44
995,2023-01-25,12,14,18,22,28,31
996,2023-01-27,10,13,21,29,41,43
997,2023-01-29,5,21,26,27,32,33
998,2023-02-01,16,21,27,29,34,44
999,2023-02-03,4,11,16,30,33,43
1000,2023-02-05,13,15,23,29,31,34
1001,2023-02-08,6,18,20,22,26,34
1002,2023-02-10,1,11,23,27,33,39
1003,2023-02-12,3,5,11,23,24,42
1004,2023-02-15,1,2,8,20,24,31
1005,2023-02-17,1,5,10,13,23,25
1006,2023-02-19,2,20,22,28,29,38
1007,2023-02-22,8,16,22,23,28,38
1008,2023-02-24,1,10,16,22,35,44
1009,2023-02-26,4,9,16,26,28,42
1010,2023-03-01,13,14,29,33,38,43
1011,2023-03-03,10,22,26,27,33,43
1012,2023-03-05,9,11,24,31,36,44
1013,2023-03-08,10,13,22,25,28,36
1014,2023-03-10,3,5,13,22,36,44
1015,2023-03-12,10,28,29,31,33,37
1016,2023-03-15,11,19,23,28,34,35
1017,2023-03-17,5,7,12,22,26,33
1018,2023-03-19,2,7,10,21,28,35
1019,2023-03-22,5,8,10,15,17,41
1020,2023-03-24,6,14,15,18,24,41
1021,2023-03-26,6,16,18,25,34,45
1022,2023-03-29,3,6,12,28,29,43
1023,2023-03-31,1,9,10,15,30,42
1024,2023-04-02,2,24,36,38,42,43
1025,2023-04-05,4,8,12,15,19,43
1026,2023-04-07,9,14,22,29,39,41
1027,2023-04-09,12,15,25,30,34,39
1028,2023-04-12,4,7,27,28,32,43
1029,2023-04-14,8,16,23,27,32,41
1030,2023-04-16,8,17,20,25,33,36
1031,2023-04-19,10,27,37,40,42,43
1032,2023-04-21,2,4,7,10,20,44
1033,2023-04-23,1,2,22,30,37,42
1034,2023-04-26,1,4,7,9,34,37
1035,2023-04-28,5,11,25,33,42,44
1036,2023-04-30,7,9,23,24,33,36
1037,2023-05-03,18,23,28,29,39,44
1038,2023-05-05,22,28,31,35,36,38
1039,2023-05-07,4,30,31,33,35,45
1040,2023-05-10,7,8,9,13,15,27
1041,2023-05-12,2,6,8,9,15,27
1042,2023-05-14,7,8,13,37,42,44
1043,2023-05-17,2,6,13,20,28,44
1044,2023-05-19,3,9,10,27,35,38
1045,2023-05-21,8,10,17,19,24,41
1046,2023-05-24,9,11,15,28,33,44
1047,2023-05-26,8,10,19,25,35,44
1048,2023-05-28,6,13,19,20,37,44
1049,2023-05-31,4,9,10,22,41,44
1050,2023-06-02,3,11,14,19,21,43
1051,2023-06-04,3,15,19,35,36,43
1052,2023-06-07,1,7,14,16,34,44
1053,2023-06-09,15,16,23,25,40,41
1054,2023-06-11,5,18,22,40,41,44
1055,2023-06-14,2,28,31,37,41,44
1056,2023-06-16,24,26,32,37,38,41
1057,2023-06-18,3,4,8,18,21,33
1058,2023-06-21,7,13,19,35,37,38
1059,2023-06-23,10,14,15,20,24,45
1060,2023-06-25,4,6,7,25,26,30
1061,2023-06-28,4,8,24,31,42,45
1062,2023-06-30,2,5,20,23,31,38
1063,2023-07-02,3,5,8,17,37,41
1064,2023-07-05,1,12,24,27,36,44
1065,2023-07-07,5,9,12,20,37,42
1066,2023-07-09,14,16,27,28,33,41
1067,2023-07-12,19,24,27,31,33,43
1068,2023-07-14,4,5,13,19,27,37
1069,2023-07-16,1,7,16,18,21,29
1070,2023-07-19,6,10,19,37,43,45
1071,2023-07-21,9,20,31,33,36,45
1072,2023-07-23,14,17,23,32,33,43
1073,2023-07-26,4,13,18,21,29,37
1074,2023-07-28,7,27,28,30,31,35
1075,2023-07-30,3,17,23,33,42,45
1076,2023-08-02,4,21,27,38,39,44
1077,2023-08-04,2,12,22,38,41,44
1078,2023-08-06,4,15,19,25,30,38
1079,2023-08-09,18,22,30,31,39,41
1080,2023-08-11,16,21,26,29,30,45
1081,2023-08-13,9,15,23,33,35,40
1082,2023-08-16,5,7,25,31,39,41
1083,2023-08-18,12,19,21,22,34,38
1084,2023-08-20,7,8,22,23,30,42
1085,2023-08-23,5,14,18,19,29,31
1086,2023-08-25,8,18,30,32,38,45
1087,2023-08-27,24,27,30,37,44,45
1088,2023-08-30,13,17,20,28,30,33
1089,2023-09-01,9,14,16,19,28,41
1090,2023-09-03,1,33,38,39,44,45
1091,2023-09-06,3,4,12,18,19,29
1092,2023-09-08,6,8,14,29,39,42
1093,2023-09-10,4,5,10,18,27,40
1094,2023-09-13,2,4,7,9,12,13
1095,2023-09-15,2,3,5,7,10,38
1096,2023-09-17,6,10,15,36,39,43
1097,2023-09-20,3,6,20,39,40,41
1098,2023-09-22,2,16,17,18,20,23
1099,2023-09-24,4,8,23,27,30,36
1100,2023-09-27,3,12,22,30,37,39
1101,2023-09-29,2,8,24,27,30,43
1102,2023-10-01,2,11,13,16,41,43
1103,2023-10-04,7,17,21,32,40,45
1104,2023-10-06,18,19,24,28,33,40
1105,2023-10-08,4,16,22,28,33,39
1106,2023-10-11,5,10,30,40,44,45
1107,2023-10-13,1,11,16,39,40,45
1108,2023-10-15,4,5,9,27,34,39
1109,2023-10-18,2,7,18,20,24,29
1110,2023-10-20,4,16,21,24,26,37
1111,2023-10-22,10,13,14,19,35,40
1112,2023-10-25,4,6,13,25,31,41
1113,2023-10-27,7,10,14,21,26,37
1114,2023-10-29,5,7,15,21,32,45
1115,2023-11-01,1,3,15,16,23,28
1116,2023-11-03,2,7,9,13,22,38
1117,2023-11-05,1,13,16,18,23,25
1118,2023-11-08,7,20,23,27,31,33
1119,2023-11-10,1,4,10,13,14,44
1120,2023-11-12,2,4,10,15,27,31
1121,2023-11-15,2,3,12,16,30,37
1122,2023-11-17,16,20,25,26,36,41
1123,2023-11-19,1,3,19,20,26,34
1124,2023-11-22,15,18,20,23,37,39
1125,2023-11-24,5,18,22,34,41,45
1126,2023-11-26,4,6,15,23,25,36
1127,2023-11-29,9,22,24,32,38,39
1128,2023-12-01,5,10,14,21,27,32
1129,2023-12-03,12,14,16,21,29,32
1130,2023-12-06,18,19,20,29,41,42
1131,2023-12-08,11,15,16,17,42,43
1132,2023-12-10,9,10,11,17,41,44
1133,2023-12-13,3,7,11,20,28,44
1134,2023-12-15,1,5,10,11,20,40
1135,2023-12-17,3,7,18,20,31,33
1136,2023-12-20,5,15,16,21,22,32
1137,2023-12-22,2,12,14,16,34,38
1138,2023-12-24,1,2,5,24,40,43
1139,2023-12-27,8,16,23,34,36,39
1140,2023-12-29,16,20,22,35,37,39
1141,2023-12-31,13,14,23,25,34,44
1142,2024-01-03,9,14,19,20,29,40
1143,2024-01-05,9,16,29,31,33,42
1144,2024-01-07,3,4,15,18,36,45
1145,2024-01-10,10,12,18,19,29,43
1146,2024-01-12,10,11,20,27,39,43
1147,2024-01-14,2,8,19,20,24,42
1148,2024-01-17,14,19,21,36,43,44
1149,2024-01-19,8,15,20,24,43,44
1150,2024-01-21,11,20,22,23,26,31
1151,2024-01-24,7,27,30,36,39,45
1152,2024-01-26,8,19,22,27,31,35
1153,2024-01-28,3,23,25,29,36,41
1154,2024-01-31,9,11,15,35,38,41
1155,2024-02-02,1,15,29,31,32,34
1156,2024-02-04,9,15,21,29,33,39
1157,2024-02-07,17,21,24,25,39,42
1158,2024-02-11,7,18,31,33,35,41
1159,2024-02-14,8,9,11,12,40,44
1160,2024-02-16,6,10,16,20,40,42
1161,2024-02-18,5,19,20,21,24,40
1162,2024-02-21,2,8,14,19,24,42
1163,2024-02-23,4,17,19,27,28,36
1164,2024-02-25,5,7,10,12,15,26
1165,2024-02-28,1,10,21,25,32,39
1166,2024-03-01,20,22,24,26,28,37
1167,2024-03-03,3,10,17,20,22,27
1168,2024-03-06,11,15,34,39,41,43
1169,2024-03-08,2,26,28,40,41,45
1170,2024-03-10,4,12,19,23,36,41
1171,2024-03-13,1,13,25,30,34,40
1172,2024-03-15,9,11,16,29,31,33
1173,2024-03-17,1,3,5,26,30,42
1174,2024-03-20,8,14,26,28,43,45
1175,2024-03-22,5,6,11,20,24,45
1176,2024-03-24,1,14,22,28,32,42
1177,2024-03-27,6,29,31,35,42,44
1178,2024-03-29,4,7,25,34,35,38
1179,2024-03-31,5,12,13,17,40,41
1180,2024-04-03,7,11,14,22,29,34
1181,2024-04-05,14,18,22,29,36,37
1182,2024-04-07,3,11,15,17,24,35
1183,2024-04-10,2,10,30,33,34,40
1184,2024-04-12,6,17,18,26,43,45
1185,2024-04-14,7,12,16,29,42,45
1186,2024-04-17,9,16,26,27,32,41
1187,2024-04-19,2,3,20,21,32,33
1188,2024-04-21,7,21,36,38,40,45
1189,2024-04-24,7,21,30,33,38,39
1190,2024-04-26,2,3,25,34,35,38
1191,2024-04-28,1,13,14,22,23,37
1192,2024-05-01,7,9,17,20,25,29
1193,2024-05-03,1,13,14,21,27,43
1194,2024-05-05,10,12,14,16,21,39
1195,2024-05-08,2,10,13,22,30,34
1196,2024-05-10,12,13,31,38,42,43
1197,2024-05-12,3,5,6,9,32,45
1198,2024-05-15,3,11,13,21,24,34
1199,2024-05-17,8,22,27,29,39,43
1200,2024-05-19,5,19,25,35,37,39
1201,2024-05-22,2,3,10,22,41,43
1202,2024-05-24,2,14,15,17,23,40
1203,2024-05-26,4,9,11,14,19,27
1204,2024-05-29,4,21,25,27,35,39
1205,2024-05-31,4,8,15,23,31,40
1206,2024-06-02,2,7,13,23,25,45
1207,2024-06-05,11,25,28,33,34,45
1208,2024-06-07,15,19,24,25,27,39
1209,2024-06-09,4,5,28,32,37,42
1210,2024-06-12,1,2,8,13,26,34
1211,2024-06-14,10,24,25,26,30,41
1212,2024-06-16,3,16,17,18,25,37
1213,2024-06-19,8,12,17,23,26,27
1214,2024-06-21,3,7,11,16,19,35
1215,2024-06-23,9,11,19,29,31,44
1216,2024-06-26,8,10,29,30,33,40
1217,2024-06-28,4,6,16,32,41,44
1218,2024-06-30,5,23,25,28,30,43
1219,2024-07-03,11,18,24,34,38,43
1220,2024-07-05,4,23,33,38,40,44
1221,2024-07-07,4,8,22,23,26,45
1222,2024-07-10,23,24,36,37,40,45
1223,2024-07-12,11,17,25,26,28,29
1224,2024-07-14,9,18,33,37,38,43
1225,2024-07-17,9,10,11,16,21,30
1226,2024-07-19,1,10,20,25,34,35
1227,2024-07-21,9,10,23,25,28,38
1228,2024-07-24,7,8,20,27,32,34
1229,2024-07-26,18,20,28,31,39,45
1230,2024-07-28,1,13,21,25,31,39
1231,2024-07-31,2,4,12,16,18,42
1232,2024-08-02,9,14,19,34,37,41
1233,2024-08-04,1,4,16,18,20,32
1234,2024-08-07,11,19,22,29,40,44
1235,2024-08-09,6,14,15,24,26,39
1236,2024-08-11,17,18,19,33,35,37
1237,2024-08-14,1,6,9,21,43,44
1238,2024-08-16,16,22,23,30,34,41
1239,2024-08-18,4,13,28,33,35,38
1240,2024-08-21,7,8,9,15,22,30
1241,2024-08-23,7,13,26,28,35,41
1242,2024-08-25,6,10,15,17,40,42
1243,2024-08-28,4,5,17,25,39,41
1244,2024-08-30,2,15,19,26,34,36
1245,2024-09-01,30,31,33,38,42,43
1246,2024-09-04,2,7,15,18,24,33
1247,2024-09-06,5,25,28,32,36,41
1248,2024-09-08,3,8,10,26,34,37
1249,2024-09-11,6,11,19,23,34,37
1250,2024-09-13,6,12,27,34,41,42
1251,2024-09-15,3,11,28,32,33,35
1252,2024-09-18,4,8,27,28,35,36
1253,2024-09-20,13,14,19,20,30,33
1254,2024-09-22,20,23,28,36,40,42
1255,2024-09-25,10,23,25,27,31,37
1256,2024-09-27,1,6,18,25,39,44
1257,2024-09-29,3,7,16,17,41,42
1258,2024-10-02,5,6,11,23,31,36
1259,2024-10-04,8,10,21,32,39,44
1260,2024-10-06,7,14,33,36,42,43
1261,2024-10-09,14,18,20,22,34,45
1262,2024-10-11,11,19,26,28,29,43
1263,2024-10-13,7,10,13,17,21,45
1264,2024-10-16,4,14,19,23,24,37
1265,2024-10-18,13,19,20,22,24,37
1266,2024-10-20,6,23,24,25,26,34
1267,2024-10-23,22,27,28,31,37,44
1268,2024-10-25,3,10,31,32,34,40
1269,2024-10-27,18,21,28,29,33,45
1270,2024-10-30,4,13,20,29,32,37
1271,2024-11-01,20,22,23,32,35,40
1272,2024-11-03,1,4,5,16,20,22
1273,2024-11-06,1,2,3,11,25,37
1274,2024-11-08,11,15,18,27,34,37
1275,2024-11-10,3,7,11,12,13,40
1276,2024-11-13,3,23,28,35,39,42
1277,2024-11-15,8,13,31,36,37,40
1278,2024-11-17,11,17,29,31,38,42
1279,2024-11-20,4,16,24,29,31,37
1280,2024-11-22,1,14,15,19,38,40
1281,2024-11-24,5,14,15,21,33,36
1282,2024-11-27,6,21,24,31,42,44
1283,2024-11-29,12,15,33,35,37,45
1284,2024-12-01,15,17,25,29,33,35
1285,2024-12-04,7,14,19,24,34,36
1286,2024-12-06,8,14,18,26,34,42
1287,2024-12-08,1,13,24,26,27,37
1288,2024-12-11,2,10,17,23,29,33
1289,2024-12-13,3,7,29,36,37,44
1290,2024-12-15,1,10,20,22,23,36
1291,2024-12-18,3,7,12,16,26,34
1292,2024-12-20,6,9,12,21,28,33
1293,2024-12-22,15,16,24,27,31,44
1294,2024-12-25,8,13,20,25,28,39
1295,2024-12-27,1,10,13,24,25,33
1296,2024-12-29,5,8,19,31,34,43
1297,2025-01-01,14,20,25,28,36,40
1298,2025-01-03,6,12,21,27,34,41
1299,2025-01-05,2,7,15,37,41,42
1300,2025-01-08,2,3,17,33,37,38
1301,2025-01-10,2,4,8,28,42,44
1302,2025-01-12,2,9,12,14,41,44
1303,2025-01-15,2,6,8,10,23,33
1304,2025-01-17,2,12,22,31,34,35
1305,2025-01-19,5,6,10,19,32,38
1306,2025-01-22,3,21,26,29,32,33
1307,2025-01-24,1,7,11,22,31,34
1308,2025-01-26,5,8,9,11,20,29
1309,2025-01-31,2,15,16,32,42,45
1310,2025-02-02,15,20,22,29,32,36
1311,2025-02-05,4,6,9,14,25,41
1312,2025-02-07,4,5,25,27,35,39
1313,2025-02-09,8,16,22,27,31,34
1314,2025-02-12,7,19,31,39,42,43
1315,2025-02-14,6,8,10,27,28,32
1316,2025-02-16,11,19,26,28,35,40
1317,2025-02-19,1,6,10,11,25,29
1318,2025-02-21,4,9,19,20,30,42
1319,2025-02-23,10,12,15,17,24,33
1320,2025-02-26,2,13,15,16,18,20
1321,2025-02-28,10,11,14,16,21,29
1322,2025-03-02,8,24,30,33,42,45
1323,2025-03-05,10,22,32,37,41,43
1324,2025-03-07,8,11,12,20,25,32
1325,2025-03-09,10,11,30,33,44,45
1326,2025-03-12,19,26,30,32,36,42
1327,2025-03-14,7,11,13,16,28,30
1328,2025-03-16,2,12,14,16,38,45
1329,2025-03-19,12,23,27,28,29,43
1330,2025-03-21,31,32,34,41,42,45
1331,2025-03-23,5,6,8,9,36,45
1332,2025-03-26,17,24,25,30,35,39
1333,2025-03-28,5,7,22,28,29,34
1334,2025-03-30,14,15,33,38,42,45
1335,2025-04-02,8,14,15,22,31,34
1336,2025-04-04,2,13,24,25,28,38
1337,2025-04-06,3,5,6,13,18,22
1338,2025-04-09,5,8,11,22,41,44
1339,2025-04-11,1,13,14,26,37,43
1340,2025-04-13,13,14,18,25,30,32
1341,2025-04-16,5,8,12,16,28,32
1342,2025-04-18,5,20,21,22,29,44
1343,2025-04-20,5,7,14,26,29,44
1344,2025-04-23,7,12,23,34,42,43
1345,2025-04-25,4,8,9,10,20,34
1346,2025-04-27,8,11,31,35,36,45
1347,2025-04-30,1,17,26,33,36,44
1348,2025-05-02,3,7,32,37,42,45
1349,2025-05-04,6,7,8,9,12,29
1350,2025-05-07,8,27,28,31,34,40
1351,2025-05-09,1,7,9,34,40,42
1352,2025-05-11,13,15,17,22,28,43
1353,2025-05-14,19,24,27,37,44,45
1354,2025-05-16,5,9,14,22,32,44
1355,2025-05-18,6,7,17,27,30,42
1356,2025-05-21,2,13,14,21,24,30
1357,2025-05-23,2,4,15,16,29,43
1358,2025-05-25,5,14,23,24,28,44
1359,2025-05-28,17,22,23,28,31,41
1360,2025-05-30,4,7,12,35,37,41
1361,2025-06-01,9,24,29,37,42,44
1362,2025-06-04,11,23,26,27,29,32
1363,2025-06-06,24,26,35,39,41,45
1364,2025-06-08,6,17,18,19,31,37
1365,2025-06-11,10,13,22,27,41,45
1366,2025-06-13,1,13,19,28,30,36
1367,2025-06-15,15,16,22,23,29,32
1368,2025-06-18,19,23,24,26,36,41
1369,2025-06-20,2,8,18,22,26,29
1370,2025-06-22,1,9,14,20,34,41
1371,2025-06-25,8,10,26,29,35,39
1372,2025-06-27,9,14,26,30,44,45
1373,2025-06-29,10,23,25,26,27,28
1374,2025-07-02,12,16,21,28,34,41
1375,2025-07-04,7,9,21,29,41,45
1376,2025-07-06,5,8,13,23,36,45
1377,2025-07-09,7,8,30,32,33,44
1378,2025-07-11,11,20,22,24,43,45
1379,2025-07-13,9,17,22,27,35,36
1380,2025-07-16,6,11,14,19,21,42
1381,2025-07-18,7,22,24,28,42,45
1382,2025-07-20,11,13,14,20,37,42
1383,2025-07-23,24,26,29,32,37,44
1384,2025-07-25,20,30,34,35,38,39
1385,2025-07-27,1,9,12,27,39,45
1386,2025-07-30,2,3,6,16,26,34
1387,2025-08-01,5,29,30,31,36,38
1388,2025-08-03,5,14,24,26,37,43
1389,2025-08-06,3,12,14,18,29,34
1390,2025-08-08,11,17,20,26,27,38
1391,2025-08-10,13,21,26,28,31,35
1392,2025-08-13,10,15,28,30,35,45
1393,2025-08-15,5,22,27,36,43,45
1394,2025-08-17,15,24,26,29,31,42
1395,2025-08-20,4,9,27,32,38,42
1396,2025-08-22,1,9,10,13,37,39
1397,2025-08-24,2,9,20,28,32,43
1398,2025-08-27,3,11,18,39,40,42
1399,2025-08-29,2,4,10,24,35,36
1400,2025-08-31,3,4,14,30,32,38
1401,2025-09-03,14,21,23,28,44,45
1402,2025-09-05,1,10,20,22,41,43
1403,2025-09-07,6,29,30,39,42,44
1404,2025-09-10,7,10,18,20,24,36
1405,2025-09-12,17,22,24,37,42,43
1406,2025-09-14,3,6,9,10,30,37
1407,2025-09-17,11,23,25,35,38,45
1408,2025-09-19,4,6,17,18,28,41
1409,2025-09-21,2,3,6,21,28,38
1410,2025-09-24,3,5,17,31,32,40
1411,2025-09-26,12,17,19,27,28,36
1412,2025-09-28,8,13,18,26,36,39
1413,2025-10-01,3,6,7,19,30,35
1414,2025-10-03,29,31,32,33,34,35
1415,2025-10-05,5,14,22,28,32,39
1416,2025-10-08,8,10,11,18,23,32
1417,2025-10-10,4,5,25,34,39,43
1418,2025-10-12,4,10,16,20,28,34
1419,2025-10-15,1,6,18,20,29,40
1420,2025-10-17,15,17,18,26,31,42
1421,2025-10-19,16,17,25,26,28,37
1422,2025-10-22,5,11,12,24,28,44
1423,2025-10-24,2,11,24,31,32,38
1424,2025-10-26,18,30,34,42,43,45
1425,2025-10-29,7,26,35,39,41,42
1426,2025-10-31,3,10,31,34,36,43
1427,2025-11-02,3,7,12,20,30,44
1428,2025-11-05,2,9,18,25,30,31
1429,2025-11-07,3,4,20,28,39,42
1430,2025-11-09,13,23,27,30,37,43
1431,2025-11-12,16,24,29,37,40,44
1432,2025-11-14,3,10,15,27,41,42
1433,2025-11-16,15,20,31,33,34,45
1434,2025-11-19,9,12,19,30,40,43
1435,2025-11-21,8,11,18,25,28,35
1436,2025-11-23,4,12,19,42,43,44
1437,2025-11-26,2,8,15,19,30,38
1438,2025-11-28,2,9,17,23,39,41
1439,2025-11-30,7,13,26,30,34,42
1440,2025-12-03,8,15,20,23,31,34
1441,2025-12-05,2,19,23,37,42,43
1442,2025-12-07,1,5,23,28,29,43
1443,2025-12-10,7,18,22,29,30,36
1444,2025-12-12,3,7,13,17,38,44
1445,2025-12-14,8,11,13,16,28,32
1446,2025-12-17,5,14,24,38,41,43
1447,2025-12-19,1,21,36,42,43,44
1448,2025-12-21,6,9,12,18,29,43
1449,2025-12-24,15,19,31,35,43,45
1450,2025-12-26,4,6,16,25,27,40
1451,2025-12-28,1,2,7,16,31,37
1452,2025-12-31,1,25,35,36,37,45
1453,2026-01-02,7,18,22,32,37,38
1454,2026-01-04,2,12,21,29,35,44
1455,2026-01-07,1,5,7,28,31,43
1456,2026-01-09,8,9,17,21,36,45
1457,2026-01-11,8,10,21,25,31,38
1458,2026-01-14,1,22,23,28,39,45
1459,2026-01-16,2,10,21,31,34,40
1460,2026-01-18,2,5,15,26,39,42
1461,2026-01-21,1,18,23,24,29,37
1462,2026-01-23,9,15,16,20,22,31
1463,2026-01-25,2,19,20,24,33,34
1464,2026-01-28,4,10,16,19,27,40
1465,2026-01-30,16,17,30,41,42,45
1466,2026-02-01,1,18,21,23,30,36
1467,2026-02-04,2,12,14,17,39,43
1468,2026-02-06,2,7,13,17,42,45
1469,2026-02-08,6,13,16,20,23,38
1470,2026-02-11,15,20,35,40,44,45
1471,2026-02-13,8,12,31,36,42,43
1472,2026-02-15,4,6,7,20,28,43
1473,2026-02-18,1,7,19,23,26,44
1474,2026-02-20,4,25,28,33,34,45
1475,2026-02-22,7,23,24,36,38,40
1476,2026-02-25,4,13,20,22,23,29
1477,2026-02-27,2,4,8,15,17,28
1478,2026-03-01,16,22,23,35,44,45
1479,2026-03-04,1,4,6,9,13,44
1480,2026-03-06,2,10,12,21,32,37
1481,2026-03-08,6,12,13,25,31,32
1482,2026-03-11,16,18,19,28,31,44
1483,2026-03-13,11,12,20,22,31,33
1484,2026-03-15,4,7,11,26,42,44
1485,2026-03-18,14,20,33,35,36,44
1486,2026-03-20,8,11,22,23,38,43
1487,2026-03-22,5,10,22,26,31,36
1488,2026-03-25,16,22,24,29,35,36
1489,2026-03-27,5,7,13,19,38,45
1490,2026-03-29,5,8,18,30,37,45
1491,2026-04-01,6,30,34,36,37,44
1492,2026-04-03,2,4,23,24,35,41
1493,2026-04-05,2,9,23,30,32,42
1494,2026-04-08,5,8,23,26,38,41
1495,2026-04-10,7,8,10,16,28,35
1496,2026-04-12,1,10,11,32,39,42
1497,2026-04-15,21,22,33,35,36,43
1498,2026-04-17,1,10,19,31,36,38
1499,2026-04-19,7,10,15,27,33,35
1500,2026-04-22,2,6,15,16,17,37
1501,2026-04-24,20,29,33,36,41,42
1502,2026-04-26,12,18,22,25,31,41
1503,2026-04-29,4,14,15,16,17,25
1504,2026-05-01,4,21,25,31,41,43
1505,2026-05-03,7,9,14,24,38,39
1506,2026-05-06,9,12,28,36,37,40
1507,2026-05-08,4,16,17,26,34,42
1508,2026-05-10,3,4,10,11,27,42
1509,2026-05-13,8,10,15,32,35,43
1510,2026-05-15,6,14,20,22,23,44
1511,2026-05-17,4,8,13,15,27,31
1512,2026-05-20,16,28,29,37,40,45
1513,2026-05-22,2,3,14,28,41,44
1514,2026-05-24,4,8,9,14,25,42
1515,2026-05-27,2,13,17,18,31,37
1516,2026-05-29,13,14,24,28,30,42
1517,2026-05-31,1,12,16,21,24,41
1518,2026-06-03,3,11,26,33,36,38
1519,2026-06-05,13,16,19,32,36,39
1520,2026-06-07,14,21,26,30,34,35
1521,2026-06-10,3,9,17,22,27,32
1522,2026-06-12,5,15,30,34,37,38
1523,2026-06-14,7,16,20,22,24,38
1524,2026-06-17,5,6,16,28,35,39
1525,2026-06-19,6,9,19,29,30,36
1526,2026-06-21,3,8,19,27,41,45
1527,2026-06-24,3,11,17,19,30,32
1528,2026-06-26,9,14,31,36,41,45
1529,2026-06-28,2,11,18,33,42,45
1530,2026-07-01,20,24,25,29,40,44
1531,2026-07-03,6,20,21,28,30,39
1532,2026-07-05,1,5,13,29,32,35
1533,2026-07-08,13,14,22,26,37,44
1534,2026-07-10,9,17,23,26,42,44
1535,2026-07-12,6,9,11,17,35,44
1536,2026-07-15,7,11,29,37,43,45
1537,2026-07-17,9,18,30,31,39,45
1538,2026-07-19,12,22,24,26,31,37
1539,2026-07-22,3,32,33,34,39,43
1540,2026-07-24,12,16,36,38,41,45
1541,2026-07-26,13,16,27,33,41,44
1542,2026-07-29,2,6,21,31,36,45
1543,2026-07-31,6,16,24,25,38,43
1544,2026-08-02,3,12,20,25,27,37
1545,2026-08-05,2,6,11,16,28,39
1546,2026-08-07,2,8,19,30,36,43
1547,2026-08-09,3,17,20,27,31,35
1548,2026-08-12,15,17,22,29,33,40
1549,2026-08-14,7,9,13,31,35,44
1550,2026-08-16,6,7,15,19,36,41
1551,2026-08-19,6,15,18,33,40,43
1552,2026-08-21,7,26,31,38,43,45
1553,2026-08-23,4,16,17,22,32,39
1554,2026-08-26,3,10,11,16,33,40
1555,2026-08-28,3,13,15,22,36,39
1556,2026-08-30,1,3,12,15,37,45
1557,2026-09-02,6,9,27,29,35,44
1558,2026-09-04,16,21,23,29,34,45
1559,2026-09-06,9,14,22,26,27,40
1560,2026-09-09,12,17,20,21,36,43
1561,2026-09-11,14,18,20,21,26,27
1562,2026-09-13,4,12,31,34,38,41
1563,2026-09-16,1,3,10,11,18,23
1564,2026-09-18,7,12,26,27,41,43
1565,2026-09-20,10,15,16,27,33,38
