draw_id,draw_date,n1,n2,n3,n4,n5
1,2025-06-29,7,9,10,16,19
2,2025-06-29,6,12,14,18,25
3,2025-06-30,2,8,16,23,24
4,2025-06-30,1,12,13,27,28
5,2025-07-01,1,18,25,27,33
6,2025-07-01,5,18,20,30,34
7,2025-07-02,13,20,23,27,35
8,2025-07-02,9,11,27,29,35
9,2025-07-03,28,32,33,34,35
10,2025-07-03,10,23,24,30,33
11,2025-07-04,1,3,7,10,24
12,2025-07-04,3,18,20,29,34
13,2025-07-05,5,14,15,23,34
14,2025-07-05,3,13,19,25,29
15,2025-07-06,3,11,12,27,32
16,2025-07-06,6,7,13,28,29
17,2025-07-07,1,8,14,19,23
18,2025-07-07,6,7,10,22,34
19,2025-07-08,14,15,17,28,31
20,2025-07-08,2,6,20,26,32
21,2025-07-09,1,2,12,25,31
22,2025-07-09,2,7,9,28,31
23,2025-07-10,11,17,24,28,30
24,2025-07-10,9,24,29,32,35
25,2025-07-11,8,11,17,18,20
26,2025-07-11,1,5,8,20,24
27,2025-07-12,5,14,26,31,35
28,2025-07-12,5,11,16,20,34
29,2025-07-13,13,15,19,22,27
30,2025-07-13,12,14,19,27,34
31,2025-07-14,2,3,12,14,22
32,2025-07-14,7,8,22,23,28
33,2025-07-15,3,7,12,19,26
34,2025-07-15,9,12,22,31,35
35,2025-07-16,7,11,13,17,25
36,2025-07-16,2,10,20,34,35
37,2025-07-17,1,4,8,18,29
38,2025-07-17,7,11,17,18,25
39,2025-07-18,2,10,12,16,34
40,2025-07-18,5,11,16,27,34
41,2025-07-19,5,19,20,21,30
42,2025-07-19,4,16,24,26,31
43,2025-07-20,9,14,28,33,35
44,2025-07-20,21,28,31,34,35
45,2025-07-21,8,20,24,27,28
46,2025-07-21,2,16,18,22,30
47,2025-07-22,3,14,16,21,25
48,2025-07-22,7,10,26,28,33
49,2025-07-23,3,21,28,33,34
50,2025-07-23,17,18,27,29,33
51,2025-07-24,7,8,18,22,33
52,2025-07-24,9,10,11,30,35
53,2025-07-25,9,10,19,22,24
54,2025-07-25,16,18,19,23,25
55,2025-07-26,1,7,12,16,23
56,2025-07-26,3,6,11,27,33
57,2025-07-27,1,14,19,25,27
58,2025-07-27,10,24,28,30,32
59,2025-07-28,1,3,28,32,33
60,2025-07-28,15,19,25,32,33
61,2025-07-29,1,5,16,28,29
62,2025-07-29,20,21,29,31,33
63,2025-07-30,4,9,10,18,19
64,2025-07-30,13,21,26,27,32
65,2025-07-31,3,10,24,26,34
66,2025-07-31,3,6,22,31,33
67,2025-08-01,12,14,16,22,23
68,2025-08-01,9,12,22,26,31
69,2025-08-02,1,3,7,10,25
70,2025-08-02,1,12,18,20,25
71,2025-08-03,1,6,8,23,25
72,2025-08-03,7,14,15,29,34
73,2025-08-04,5,20,25,30,32
74,2025-08-04,5,13,23,25,33
75,2025-08-05,8,20,24,30,34
76,2025-08-05,5,8,10,13,32
77,2025-08-06,12,25,31,32,35
78,2025-08-06,7,10,15,16,29
79,2025-08-07,1,18,27,29,30
80,2025-08-07,6,12,18,23,25
81,2025-08-08,2,15,22,30,33
82,2025-08-08,1,9,15,16,20
83,2025-08-09,2,15,20,24,28
84,2025-08-09,9,16,17,26,32
85,2025-08-10,8,16,18,28,34
86,2025-08-10,22,24,28,31,34
87,2025-08-11,2,9,11,17,23
88,2025-08-11,3,4,10,13,32
89,2025-08-12,8,17,24,25,33
90,2025-08-12,1,8,10,27,29
91,2025-08-13,20,22,25,28,32
92,2025-08-13,13,18,23,26,27
93,2025-08-14,11,19,22,27,35
94,2025-08-14,3,4,11,29,30
95,2025-08-15,5,6,27,33,34
96,2025-08-15,3,9,20,26,33
97,2025-08-16,8,21,24,33,34
98,2025-08-16,3,18,20,26,30
99,2025-08-17,15,20,23,27,30
100,2025-08-17,1,5,12,27,30
101,2025-08-18,1,4,17,33,34
102,2025-08-18,5,10,15,20,28
103,2025-08-19,3,10,24,30,33
104,2025-08-19,14,20,22,28,32
105,2025-08-20,5,10,15,24,25
106,2025-08-20,3,6,18,25,35
107,2025-08-21,2,4,13,15,26
108,2025-08-21,9,13,18,24,29
109,2025-08-22,8,9,32,33,34
110,2025-08-22,16,20,23,28,31
111,2025-08-23,4,13,14,26,30
112,2025-08-23,6,11,16,17,29
113,2025-08-24,8,9,21,23,30
114,2025-08-24,4,12,25,29,34
115,2025-08-25,1,7,14,25,26
116,2025-08-25,2,15,19,25,34
117,2025-08-26,13,20,25,27,30
118,2025-08-26,7,11,26,34,35
119,2025-08-27,7,11,17,22,35
120,2025-08-27,2,9,10,24,30
121,2025-08-28,3,18,19,23,30
122,2025-08-28,1,4,17,18,28
123,2025-08-29,8,10,21,27,31
124,2025-08-29,9,12,13,19,25
125,2025-08-30,7,11,18,20,27
126,2025-08-30,4,6,14,15,20
127,2025-08-31,1,8,19,21,30
128,2025-08-31,2,10,22,23,31
129,2025-09-01,9,22,24,30,35
130,2025-09-01,5,7,10,21,30
131,2025-09-02,1,10,12,22,31
132,2025-09-02,5,9,12,32,35
133,2025-09-03,1,6,9,17,26
134,2025-09-03,1,5,10,21,30
135,2025-09-04,12,17,23,26,29
136,2025-09-04,4,5,27,28,30
137,2025-09-05,1,4,20,23,35
138,2025-09-05,6,15,17,20,30
139,2025-09-06,7,11,13,27,34
140,2025-09-06,5,7,29,32,33
141,2025-09-07,1,3,10,14,15
142,2025-09-07,21,25,26,29,30
143,2025-09-08,11,14,19,21,25
144,2025-09-08,17,18,19,22,34
145,2025-09-09,3,4,21,26,33
146,2025-09-09,11,15,19,27,33
147,2025-09-10,6,13,14,23,29
148,2025-09-10,4,13,16,23,29
149,2025-09-11,1,6,25,28,30
150,2025-09-11,13,22,25,30,31
151,2025-09-12,15,17,19,20,34
152,2025-09-12,2,6,7,24,28
153,2025-09-13,3,19,26,33,34
154,2025-09-13,2,6,28,29,31
155,2025-09-14,1,6,7,11,31
156,2025-09-14,6,10,11,12,27
157,2025-09-15,1,11,16,25,29
158,2025-09-15,11,16,20,27,32
207,2025-10-10,3,10,13,24,31
208,2025-10-10,1,5,16,22,26
209,2025-10-11,2,18,19,29,32
210,2025-10-11,13,16,21,22,23
211,2025-10-12,8,15,22,26,28
212,2025-10-12,8,15,28,33,34
213,2025-10-13,2,17,32,33,34
214,2025-10-13,16,19,25,26,32
215,2025-10-14,7,12,14,20,28
216,2025-10-14,1,18,21,23,26
217,2025-10-15,1,4,14,15,32
218,2025-10-15,2,4,21,30,34
219,2025-10-16,1,9,12,20,23
220,2025-10-16,10,19,21,29,32
221,2025-10-17,18,25,26,34,35
222,2025-10-17,20,23,25,28,34
223,2025-10-18,6,8,13,24,25
224,2025-10-18,2,4,16,28,30
225,2025-10-19,7,12,23,30,35
226,2025-10-19,2,7,22,33,34
227,2025-10-20,17,19,29,31,35
228,2025-10-20,2,12,21,24,35
229,2025-10-21,1,14,20,31,32
230,2025-10-21,3,14,20,21,23
231,2025-10-22,7,12,20,32,34
232,2025-10-22,6,11,15,25,26
233,2025-10-23,6,10,11,12,30
234,2025-10-23,3,7,24,25,34
235,2025-10-24,2,4,11,15,20
236,2025-10-24,5,11,21,22,33
237,2025-10-25,1,10,14,19,25
238,2025-10-25,12,14,25,28,31
239,2025-10-26,17,22,24,31,32
240,2025-10-26,4,26,27,30,34
241,2025-10-27,8,9,25,26,32
242,2025-10-27,16,17,20,24,34
243,2025-10-28,10,14,28,33,34
244,2025-10-28,6,7,10,19,22
245,2025-10-29,1,8,17,20,24
246,2025-10-29,15,18,31,34,35
247,2025-10-30,11,20,23,27,34
248,2025-10-30,9,11,12,24,28
249,2025-10-31,5,8,15,17,18
250,2025-10-31,6,14,21,34,35
251,2025-11-01,6,11,14,20,30
252,2025-11-01,2,4,18,26,31
253,2025-11-02,4,8,14,24,32
254,2025-11-02,13,29,30,32,35
255,2025-11-03,4,6,11,20,33
256,2025-11-03,6,25,27,32,35
257,2025-11-04,6,7,8,21,34
258,2025-11-04,7,20,28,29,31
259,2025-11-05,6,11,25,33,35
260,2025-11-05,1,4,17,18,19
261,2025-11-06,3,13,14,19,28
262,2025-11-06,5,6,14,18,28
263,2025-11-07,2,14,15,20,33
264,2025-11-07,11,26,28,32,34
265,2025-11-08,5,9,13,22,34
266,2025-11-08,6,7,20,23,34
267,2025-11-09,3,5,15,21,23
268,2025-11-09,7,10,11,14,29
269,2025-11-10,4,9,13,24,27
270,2025-11-10,5,7,10,31,35
271,2025-11-11,4,6,9,23,33
272,2025-11-11,5,10,11,23,29
273,2025-11-12,3,11,12,28,31
274,2025-11-12,7,10,11,24,26
275,2025-11-13,7,9,21,27,30
276,2025-11-13,3,8,17,22,30
277,2025-11-14,14,19,22,26,28
278,2025-11-14,8,12,14,25,35
279,2025-11-15,2,15,20,22,32
280,2025-11-15,8,20,21,28,29
281,2025-11-16,2,15,21,22,28
282,2025-11-16,1,18,20,26,30
283,2025-11-17,3,13,14,18,34
284,2025-11-17,7,9,23,30,34
285,2025-11-18,3,17,30,33,34
286,2025-11-18,8,11,17,21,29
287,2025-11-19,9,20,24,26,34
288,2025-11-19,12,14,20,33,34
289,2025-11-20,6,14,21,24,30
290,2025-11-20,1,7,15,17,23
291,2025-11-21,7,8,10,24,25
292,2025-11-21,5,7,11,19,23
293,2025-11-22,17,23,28,30,31
294,2025-11-22,7,16,23,24,27
295,2025-11-23,5,19,22,34,35
296,2025-11-23,14,17,22,30,32
297,2025-11-24,11,12,15,28,33
298,2025-11-24,5,20,24,32,33
299,2025-11-25,5,12,28,31,33
300,2025-11-25,11,22,28,29,31
301,2025-11-26,11,14,19,21,27
302,2025-11-26,2,4,18,30,34
303,2025-11-27,4,8,14,20,32
304,2025-11-27,1,10,16,30,34
305,2025-11-28,2,18,20,30,34
306,2025-11-28,18,29,30,32,35
307,2025-11-29,2,12,22,30,32
308,2025-11-29,8,11,17,18,28
309,2025-11-30,11,19,24,27,32
310,2025-11-30,9,10,11,18,25
311,2025-12-01,3,16,21,29,34
312,2025-12-01,9,13,19,30,33
313,2025-12-02,1,2,4,14,23
314,2025-12-02,9,12,14,28,35
315,2025-12-03,4,8,22,24,34
316,2025-12-03,9,10,27,30,31
317,2025-12-04,2,7,11,20,26
318,2025-12-04,3,7,12,13,21
319,2025-12-05,13,18,20,28,30
320,2025-12-05,3,10,11,21,30
321,2025-12-06,5,7,13,22,34
322,2025-12-06,1,11,13,23,25
323,2025-12-07,11,17,21,23,31
324,2025-12-07,4,8,11,18,35
325,2025-12-08,2,3,16,23,31
326,2025-12-08,2,7,28,32,35
327,2025-12-09,1,8,10,13,32
328,2025-12-09,2,10,23,33,35
329,2025-12-10,1,24,30,34,35
330,2025-12-10,1,15,26,29,33
331,2025-12-11,7,8,10,12,32
332,2025-12-11,3,10,16,23,29
333,2025-12-12,8,25,30,33,34
334,2025-12-12,1,3,7,10,28
335,2025-12-13,1,11,26,29,35
336,2025-12-13,5,7,15,16,18
337,2025-12-14,8,13,14,27,35
338,2025-12-14,8,9,11,25,26
339,2025-12-15,1,2,5,12,16
340,2025-12-15,20,21,24,25,28
341,2025-12-16,2,3,7,16,17
342,2025-12-16,7,10,26,27,35
343,2025-12-17,6,23,27,28,30
344,2025-12-17,7,10,17,19,22
345,2025-12-18,14,15,17,27,34
346,2025-12-18,2,7,22,25,31
347,2025-12-19,4,5,13,29,35
348,2025-12-19,3,13,15,16,23
349,2025-12-20,1,7,9,16,30
350,2025-12-20,11,12,13,14,19
351,2025-12-21,6,16,28,33,35
352,2025-12-21,6,26,27,33,34
353,2025-12-22,8,12,14,24,27
354,2025-12-22,13,31,32,33,35
355,2025-12-23,3,23,28,32,35
356,2025-12-23,22,23,26,34,35
357,2025-12-24,1,2,4,10,33
358,2025-12-24,19,20,27,31,34
359,2025-12-25,5,12,25,28,33
360,2025-12-25,2,4,14,24,34
361,2025-12-26,1,2,19,21,31
362,2025-12-26,11,17,19,26,33
363,2025-12-27,1,2,20,24,33
364,2025-12-27,4,8,14,33,35
365,2025-12-28,11,14,27,30,35
366,2025-12-28,2,5,7,8,21
367,2025-12-29,4,6,13,16,30
368,2025-12-29,3,21,22,30,33
369,2025-12-30,2,13,19,23,24
370,2025-12-30,7,15,23,24,33
371,2025-12-31,11,21,25,28,33
372,2025-12-31,3,5,11,25,30
373,2026-01-01,11,17,23,26,34
374,2026-01-01,2,3,20,25,30
375,2026-01-02,13,17,22,23,29
376,2026-01-02,3,9,10,14,25
377,2026-01-03,7,11,12,22,30
378,2026-01-03,2,6,24,28,34
379,2026-01-04,12,14,22,25,29
380,2026-01-04,13,16,26,29,34
381,2026-01-05,5,13,14,19,26
382,2026-01-05,1,2,6,10,17
383,2026-01-06,7,25,26,27,31
384,2026-01-06,4,6,12,16,31
385,2026-01-07,22,27,29,33,34
386,2026-01-07,1,7,14,28,29
387,2026-01-08,4,9,13,25,30
388,2026-01-08,6,7,10,28,35
389,2026-01-09,1,25,28,32,35
390,2026-01-09,5,11,14,20,32
391,2026-01-10,13,14,21,26,31
392,2026-01-10,2,8,17,23,28
393,2026-01-11,4,6,24,25,26
394,2026-01-11,2,22,23,26,29
395,2026-01-12,4,14,19,22,26
396,2026-01-12,4,21,25,28,33
397,2026-01-13,10,15,16,18,26
398,2026-01-13,3,4,6,10,27
399,2026-01-14,3,4,5,19,35
400,2026-01-14,2,6,8,19,29
401,2026-01-15,6,9,23,24,25
402,2026-01-15,3,6,15,17,23
403,2026-01-16,1,3,10,26,34
404,2026-01-16,2,6,10,24,29
405,2026-01-17,13,18,24,29,32
406,2026-01-17,1,2,13,27,31
407,2026-01-18,3,13,14,20,35
408,2026-01-18,2,9,14,15,22
409,2026-01-19,5,13,14,19,21
410,2026-01-19,7,8,10,14,35
411,2026-01-20,1,15,19,21,26
412,2026-01-20,14,15,18,19,33
413,2026-01-21,8,16,24,29,30
414,2026-01-21,1,4,7,8,33
415,2026-01-22,8,17,20,27,31
416,2026-01-22,7,10,12,22,23
417,2026-01-23,10,13,25,31,32
418,2026-01-23,5,7,10,28,29
419,2026-01-24,13,15,22,27,31
420,2026-01-24,2,25,26,28,34
421,2026-01-25,15,18,27,32,35
422,2026-01-25,1,11,15,19,31
423,2026-01-26,3,18,25,29,32
424,2026-01-26,9,23,29,34,35
425,2026-01-27,5,8,9,14,28
426,2026-01-27,4,11,25,31,34
427,2026-01-28,2,20,21,24,32
428,2026-01-28,6,10,16,21,30
429,2026-01-29,4,11,17,26,31
430,2026-01-29,1,8,9,19,22
431,2026-01-30,11,19,27,29,33
432,2026-01-30,5,6,9,23,32
433,2026-01-31,7,14,15,26,27
434,2026-01-31,11,12,16,27,29
435,2026-02-01,7,15,19,22,34
436,2026-02-01,1,20,24,26,35
437,2026-02-02,13,14,15,19,22
438,2026-02-02,1,3,5,6,11
439,2026-02-03,19,23,24,32,33
440,2026-02-03,5,10,11,28,29
441,2026-02-04,7,14,15,27,35
442,2026-02-04,17,18,21,30,34
443,2026-02-05,7,10,13,16,20
444,2026-02-05,4,5,15,18,32
445,2026-02-06,3,5,15,18,28
446,2026-02-06,1,3,4,14,29
447,2026-02-07,2,3,9,10,31
448,2026-02-07,3,14,17,19,35
449,2026-02-08,8,9,11,16,23
450,2026-02-08,7,16,17,28,30
451,2026-02-09,4,9,17,18,35
452,2026-02-09,18,23,24,31,33
453,2026-02-10,3,18,29,30,31
454,2026-02-10,7,9,12,13,22
455,2026-02-11,9,20,23,26,34
456,2026-02-11,4,9,16,23,28
457,2026-02-12,6,10,11,26,29
458,2026-02-12,2,11,15,17,29
459,2026-02-13,5,11,12,29,32
460,2026-02-13,10,14,16,20,32
461,2026-02-14,13,20,22,32,34
462,2026-02-14,4,6,8,14,25
463,2026-02-15,1,3,5,10,26
464,2026-02-15,1,6,8,10,22
465,2026-02-16,7,18,22,27,29
466,2026-02-16,4,8,19,21,30
467,2026-02-17,19,21,22,23,31
468,2026-02-17,13,21,28,32,35
469,2026-02-18,11,17,25,30,32
470,2026-02-18,9,23,27,29,33
471,2026-02-19,1,13,14,19,30
472,2026-02-19,9,21,23,25,29
473,2026-02-20,10,12,27,30,31
474,2026-02-20,1,9,18,28,33
475,2026-02-21,5,8,11,13,18
476,2026-02-21,2,16,17,20,31
477,2026-02-22,8,9,19,29,30
478,2026-02-22,2,9,12,16,31
479,2026-02-23,7,10,11,18,27
480,2026-02-23,7,13,16,22,35
481,2026-02-24,12,14,22,23,30
482,2026-02-24,8,14,18,20,26
483,2026-02-25,11,16,19,21,32
484,2026-02-25,5,14,15,16,29
485,2026-02-26,3,14,19,27,33
486,2026-02-26,8,15,23,24,26
487,2026-02-27,2,13,19,25,27
488,2026-02-27,12,14,18,24,26
489,2026-02-28,1,3,5,8,24
490,2026-02-28,3,15,16,27,35
491,2026-03-01,10,13,19,27,35
492,2026-03-01,5,12,19,33,35
493,2026-03-02,1,7,15,34,35
494,2026-03-02,1,8,14,23,35
495,2026-03-03,15,16,28,31,32
496,2026-03-03,3,6,17,20,30
497,2026-03-04,4,10,17,22,26
498,2026-03-04,1,2,9,24,29
499,2026-03-05,14,15,16,17,30
500,2026-03-05,4,12,15,17,32
501,2026-03-06,7,9,17,21,30
502,2026-03-06,3,14,21,23,24
503,2026-03-07,8,12,22,25,33
504,2026-03-07,3,18,23,25,32
505,2026-03-08,11,23,24,26,27
506,2026-03-08,20,22,25,29,31
507,2026-03-09,1,13,17,29,35
508,2026-03-09,7,11,25,28,30
509,2026-03-10,13,19,21,24,29
510,2026-03-10,2,3,4,6,20
511,2026-03-11,11,16,22,26,33
512,2026-03-11,2,10,29,30,32
513,2026-03-12,6,8,17,20,24
514,2026-03-12,5,9,20,29,30
515,2026-03-13,5,16,18,20,25
516,2026-03-13,1,6,14,22,30
517,2026-03-14,4,5,6,24,26
518,2026-03-14,6,13,19,27,31
519,2026-03-15,2,9,31,32,35
520,2026-03-15,3,6,28,30,35
521,2026-03-16,4,13,21,28,32
522,2026-03-16,2,8,10,22,23
523,2026-03-17,3,9,21,33,35
524,2026-03-17,12,16,18,26,29
525,2026-03-18,1,5,11,29,34
526,2026-03-18,9,13,14,22,29
527,2026-03-19,3,7,14,21,22
528,2026-03-19,3,15,26,34,35
529,2026-03-20,3,14,25,28,32
530,2026-03-20,5,14,17,18,20
531,2026-03-21,3,6,11,13,17
532,2026-03-21,7,15,19,27,32
533,2026-03-22,5,8,11,12,26
534,2026-03-22,4,13,14,19,33
535,2026-03-23,3,4,6,14,27
536,2026-03-23,2,14,17,21,27
537,2026-03-24,5,18,19,26,30
538,2026-03-24,8,19,23,27,32
539,2026-03-25,13,19,26,29,32
540,2026-03-25,1,4,8,14,26
541,2026-03-26,15,23,28,30,33
542,2026-03-26,15,16,26,29,30
543,2026-03-27,13,21,25,27,34
544,2026-03-27,1,11,30,31,32
545,2026-03-28,6,7,10,12,26
546,2026-03-28,1,8,14,16,28
547,2026-03-29,3,7,13,19,21
548,2026-03-29,9,17,22,23,29
549,2026-03-30,2,3,22,24,34
550,2026-03-30,9,17,18,24,27
551,2026-03-31,9,15,18,20,32
552,2026-03-31,2,18,28,30,35
553,2026-04-01,4,14,22,31,34
554,2026-04-01,12,13,18,23,24
555,2026-04-02,4,6,21,25,30
556,2026-04-02,15,19,20,26,29
557,2026-04-03,14,18,23,25,27
558,2026-04-03,18,22,28,32,35
559,2026-04-04,3,9,15,19,31
560,2026-04-04,3,18,19,24,27
571,2026-04-10,8,17,21,31,35
572,2026-04-10,7,15,19,23,24
573,2026-04-11,7,13,15,19,32
574,2026-04-11,3,6,8,20,35
575,2026-04-12,18,23,32,33,34
576,2026-04-12,11,21,22,27,34
577,2026-04-13,12,15,23,26,32
578,2026-04-13,10,11,12,18,34
579,2026-04-14,7,11,12,14,27
580,2026-04-14,5,19,25,29,31
581,2026-04-15,1,15,20,32,35
582,2026-04-15,4,13,18,20,26
583,2026-04-16,12,14,25,30,31
584,2026-04-16,1,10,15,25,27
585,2026-04-17,6,10,15,19,22
586,2026-04-17,3,4,9,12,18
600,2026-04-24,8,15,21,31,35
601,2026-04-25,4,17,22,24,29
602,2026-04-25,4,5,6,20,33
603,2026-04-26,8,12,13,16,24
604,2026-04-26,9,17,22,34,35
605,2026-04-27,6,17,32,34,35
606,2026-04-27,9,10,23,29,35
607,2026-04-28,3,9,13,30,35
608,2026-04-28,4,6,15,24,35
609,2026-04-29,2,17,27,29,31
610,2026-04-29,16,19,21,25,26
611,2026-04-30,4,5,6,17,20
612,2026-04-30,9,13,20,23,31
613,2026-05-01,3,11,28,29,33
614,2026-05-01,6,9,19,29,34
615,2026-05-02,2,7,19,23,35
616,2026-05-02,1,5,10,12,15
617,2026-05-03,10,14,20,25,28
618,2026-05-03,6,8,14,17,20
619,2026-05-04,8,16,21,28,34
620,2026-05-04,3,13,17,31,35
621,2026-05-05,10,20,24,26,33
622,2026-05-05,8,15,30,32,34
623,2026-05-06,8,12,16,24,27
624,2026-05-06,4,10,18,20,29
625,2026-05-07,1,8,9,21,27
626,2026-05-07,3,10,21,24,26
627,2026-05-08,1,12,15,19,27
628,2026-05-08,2,18,24,26,29
629,2026-05-09,13,20,26,28,33
630,2026-05-09,10,11,15,17,22
631,2026-05-10,5,7,20,28,34
632,2026-05-10,20,21,22,32,34
633,2026-05-11,8,15,22,26,30
634,2026-05-11,4,15,20,29,32
635,2026-05-12,9,15,18,20,21
636,2026-05-12,2,5,29,31,33
637,2026-05-13,1,7,10,14,30
638,2026-05-13,1,23,24,27,28
639,2026-05-14,2,19,25,26,34
640,2026-05-14,2,22,23,27,29
641,2026-05-15,16,22,24,30,34
642,2026-05-15,2,11,14,18,34
643,2026-05-16,1,19,20,25,33
644,2026-05-16,3,8,21,23,32
645,2026-05-17,5,13,16,20,28
646,2026-05-17,14,24,29,33,35
647,2026-05-18,15,18,32,34,35
648,2026-05-18,5,11,24,31,32
649,2026-05-19,1,7,14,31,33
650,2026-05-19,1,4,10,15,27
651,2026-05-20,7,22,33,34,35
652,2026-05-20,1,17,18,22,27
653,2026-05-21,2,6,13,17,32
654,2026-05-21,18,19,21,24,33
655,2026-05-22,4,5,10,20,28
656,2026-05-22,4,7,14,19,25
657,2026-05-23,7,11,21,24,26
658,2026-05-23,18,25,33,34,35
659,2026-05-24,2,7,10,26,34
660,2026-05-24,1,8,9,26,34
661,2026-05-25,11,16,20,23,27
662,2026-05-25,1,6,9,15,23
663,2026-05-26,4,9,17,26,31
664,2026-05-26,14,15,22,24,33
665,2026-05-27,6,8,13,27,30
666,2026-05-27,2,3,16,25,33
667,2026-05-28,13,20,21,25,34
668,2026-05-28,6,10,14,18,23
669,2026-05-29,18,19,25,28,30
670,2026-05-29,7,8,13,31,34
671,2026-05-30,1,3,5,10,32
672,2026-05-30,4,6,9,17,35
673,2026-05-31,9,13,22,27,31
674,2026-05-31,2,12,22,23,34
675,2026-06-01,2,4,5,6,23
676,2026-06-01,11,15,24,27,28
677,2026-06-02,2,11,15,16,24
678,2026-06-02,6,18,21,29,35
679,2026-06-03,5,15,26,33,34
680,2026-06-03,5,12,17,28,31
681,2026-06-04,4,11,19,26,27
682,2026-06-04,10,11,22,28,35
683,2026-06-05,1,18,23,26,33
684,2026-06-05,3,5,6,17,28
685,2026-06-06,8,10,16,32,33
686,2026-06-06,9,11,14,27,28
687,2026-06-07,4,8,17,21,26
688,2026-06-07,15,18,24,29,34
689,2026-06-08,8,14,22,26,35
690,2026-06-08,13,14,22,23,28
691,2026-06-09,4,6,7,22,32
692,2026-06-09,8,29,30,33,35
693,2026-06-10,3,15,24,26,33
694,2026-06-10,1,11,12,16,19
695,2026-06-11,19,21,23,27,31
696,2026-06-11,1,15,16,25,28
697,2026-06-12,4,12,13,14,34
698,2026-06-12,14,15,20,26,30
699,2026-06-13,1,15,22,24,31
700,2026-06-13,18,20,26,29,33
701,2026-06-14,3,5,17,23,26
702,2026-06-14,1,13,23,33,34
703,2026-06-15,17,24,32,33,34
704,2026-06-15,6,13,16,33,35
705,2026-06-16,13,15,24,25,32
706,2026-06-16,8,9,10,15,27
707,2026-06-17,14,19,21,23,27
708,2026-06-17,12,14,18,19,33
709,2026-06-18,10,15,17,18,22
710,2026-06-18,11,18,19,20,29
711,2026-06-19,4,19,22,23,33
712,2026-06-19,5,10,15,18,29
713,2026-06-20,5,15,17,26,33
714,2026-06-20,9,15,29,31,33
715,2026-06-21,2,6,23,29,34
716,2026-06-21,10,15,16,18,28
717,2026-06-22,9,18,21,29,34
718,2026-06-22,5,8,10,18,22
719,2026-06-23,12,17,19,20,21
720,2026-06-23,7,23,26,28,34
721,2026-06-24,5,6,12,13,29
722,2026-06-24,4,17,24,26,29
726,2026-06-26,2,6,8,11,14
727,2026-06-27,2,5,9,21,22
728,2026-06-27,8,19,23,27,32
729,2026-06-28,3,6,8,10,35
730,2026-06-28,6,9,14,27,29
731,2026-06-29,17,19,28,30,34
732,2026-06-29,8,22,27,31,35
733,2026-06-30,5,11,29,32,33
734,2026-06-30,1,12,22,28,35
735,2026-07-01,22,26,27,29,32
736,2026-07-01,4,10,17,21,31
737,2026-07-02,6,8,9,14,31
738,2026-07-02,1,8,11,13,33
739,2026-07-03,3,6,15,20,34
740,2026-07-03,5,11,20,30,34
741,2026-07-04,4,22,25,28,35
742,2026-07-04,2,5,15,22,27
743,2026-07-05,11,20,23,27,35
744,2026-07-05,16,17,24,27,30
745,2026-07-06,4,22,24,28,31
746,2026-07-06,3,6,10,16,31
747,2026-07-07,11,12,14,29,31
748,2026-07-07,2,8,13,21,29
749,2026-07-08,4,8,11,27,34
750,2026-07-08,6,7,15,27,35
751,2026-07-09,6,10,20,25,33
752,2026-07-09,14,19,25,28,30
753,2026-07-10,1,5,10,17,34
754,2026-07-10,9,11,25,29,31
755,2026-07-11,9,11,16,20,33
756,2026-07-11,1,4,11,21,27
757,2026-07-12,14,17,20,21,22
758,2026-07-12,10,15,22,31,32
759,2026-07-13,9,11,12,30,35
760,2026-07-13,2,7,9,13,34
761,2026-07-14,1,19,23,31,34
762,2026-07-14,10,18,19,28,33
763,2026-07-15,1,6,11,18,33
764,2026-07-15,5,15,18,19,35
765,2026-07-16,3,17,18,22,29
766,2026-07-16,2,4,8,9,32
767,2026-07-17,5,7,22,31,33
768,2026-07-17,8,19,28,31,33
769,2026-07-18,2,15,24,30,34
770,2026-07-18,4,15,23,27,28
771,2026-07-19,6,12,14,25,26
772,2026-07-19,5,23,26,27,28
773,2026-07-20,3,8,23,27,35
774,2026-07-20,3,12,17,27,35
775,2026-07-21,1,3,4,15,27
776,2026-07-21,6,17,18,33,34
777,2026-07-22,6,14,23,28,30
778,2026-07-22,3,6,22,23,26
779,2026-07-23,9,12,17,25,28
780,2026-07-23,4,5,13,26,29
781,2026-07-24,11,13,20,34,35
782,2026-07-24,7,20,29,31,32
783,2026-07-25,2,8,12,14,19
784,2026-07-25,1,5,12,14,23
785,2026-07-26,4,7,10,25,27
786,2026-07-26,9,13,15,22,32
787,2026-07-27,10,13,18,21,27
788,2026-07-27,7,16,28,34,35
789,2026-07-28,13,17,23,33,35
790,2026-07-28,7,12,20,21,26
791,2026-07-29,11,15,19,22,25
792,2026-07-29,19,20,22,29,35
793,2026-07-30,4,10,11,16,18
794,2026-07-30,5,12,24,28,34
795,2026-07-31,2,21,27,28,33
796,2026-07-31,15,17,21,28,29
797,2026-08-01,5,8,13,32,34
798,2026-08-01,6,9,20,23,33
799,2026-08-02,7,9,32,33,35
800,2026-08-02,11,18,26,28,31
801,2026-08-03,2,9,12,21,25
802,2026-08-03,2,18,23,31,33
803,2026-08-04,6,14,15,19,34
804,2026-08-04,7,9,17,24,34
805,2026-08-05,10,13,15,16,26
806,2026-08-05,2,4,12,22,33
807,2026-08-06,10,15,19,21,23
808,2026-08-06,3,6,9,11,21
809,2026-08-07,4,11,13,20,35
810,2026-08-07,2,4,7,18,29
811,2026-08-08,3,12,19,29,30
812,2026-08-08,6,10,13,14,19
813,2026-08-09,4,13,21,23,28
814,2026-08-09,1,16,19,29,33
815,2026-08-10,23,25,28,31,35
816,2026-08-10,2,8,22,23,30
817,2026-08-11,15,21,22,32,33
818,2026-08-11,11,14,15,21,28
819,2026-08-12,7,9,17,22,33
820,2026-08-12,13,18,20,23,32
821,2026-08-13,8,13,15,23,34
822,2026-08-13,1,7,17,26,32
823,2026-08-14,4,9,21,22,34
824,2026-08-14,3,5,7,25,33
825,2026-08-15,2,3,6,16,35
826,2026-08-15,8,10,17,20,28
827,2026-08-16,9,20,24,30,33
828,2026-08-16,3,17,19,26,34
829,2026-08-17,7,13,19,32,33
830,2026-08-17,3,9,13,22,30
831,2026-08-18,3,16,21,29,35
832,2026-08-18,5,10,25,26,35
833,2026-08-19,1,8,22,26,34
834,2026-08-19,1,19,28,29,31
835,2026-08-20,8,15,23,27,30
836,2026-08-20,2,16,18,22,35
837,2026-08-21,12,13,19,23,30
838,2026-08-21,2,10,11,13,22
839,2026-08-22,1,3,14,32,35
840,2026-08-22,9,16,28,30,31
841,2026-08-23,2,6,12,15,24
842,2026-08-23,3,5,13,26,34
843,2026-08-24,1,21,22,24,25
844,2026-08-24,1,7,13,24,33
845,2026-08-25,13,14,16,20,31
846,2026-08-25,8,9,13,15,16
847,2026-08-26,3,10,12,26,30
848,2026-08-26,3,19,20,25,35
849,2026-08-27,1,3,8,11,33
850,2026-08-27,9,10,21,33,34
851,2026-08-28,12,17,18,21,28
852,2026-08-28,11,17,28,29,34
853,2026-08-29,2,26,27,32,34
854,2026-08-29,6,7,12,18,20
855,2026-08-30,2,4,12,21,28
856,2026-08-30,13,15,17,26,30
857,2026-08-31,4,11,13,18,27
858,2026-08-31,1,5,25,27,28
859,2026-09-01,9,18,20,27,34
860,2026-09-01,3,4,6,15,22
861,2026-09-02,7,11,18,26,29
862,2026-09-02,6,7,9,11,32
863,2026-09-03,2,15,23,24,30
864,2026-09-03,7,17,23,24,27
865,2026-09-04,2,13,19,22,31
866,2026-09-04,13,16,20,23,25
867,2026-09-05,3,11,12,18,35
868,2026-09-05,9,15,20,22,26
869,2026-09-06,12,16,18,20,29
870,2026-09-06,11,13,20,23,24
871,2026-09-07,9,10,15,27,35
872,2026-09-07,16,17,18,20,32
873,2026-09-08,6,7,17,19,28
874,2026-09-08,4,7,14,16,23
875,2026-09-09,4,7,9,13,33
876,2026-09-09,8,19,27,30,34
877,2026-09-10,2,3,10,15,27
878,2026-09-10,16,22,26,27,34
879,2026-09-11,8,15,16,22,27
880,2026-09-11,4,5,13,27,32
881,2026-09-12,5,6,10,20,30
882,2026-09-12,6,11,13,22,25
883,2026-09-13,1,7,29,32,34
884,2026-09-13,4,10,17,21,23
885,2026-09-14,7,9,16,19,27
886,2026-09-14,6,10,15,22,28
887,2026-09-15,15,19,27,33,35
888,2026-09-15,1,8,13,19,29
889,2026-09-16,15,16,25,27,33
890,2026-09-16,19,22,30,31,35
891,2026-09-17,5,22,25,30,35
892,2026-09-17,2,10,16,19,27
893,2026-09-18,6,14,28,30,31
894,2026-09-18,2,6,18,24,35
895,2026-09-19,6,7,11,19,31
896,2026-09-19,10,14,22,27,34
897,2026-09-20,3,8,9,29,31
898,2026-09-20,2,13,21,27,30
899,2026-09-21,3,10,15,20,35
900,2026-09-21,18,21,23,28,33
901,2026-09-22,8,12,20,25,30
902,2026-09-22,3,11,24,30,32
